{"count":1,"gauges":{"Heliosv3Learning.CumulativeReward":{"count":6,"max":1.169236,"min":1.1413033,"value":1.14930308,"weightedAverage":1.14978659}},"self":79.8464896,"total":102.1312842,"children":{"AgentSendState":{"count":5092,"self":0.5166891,"total":0.6039192,"children":{"CollectObservations":{"count":5092,"self":0.087230099999999991,"total":0.087230099999999991,"children":null}}},"DecideAction":{"count":5092,"self":20.687627199999998,"total":21.385871899999998,"children":{"RayPerceptionSensor.Perceive":{"count":10184,"self":0.6982451,"total":0.6982451,"children":null}}},"AgentAct":{"count":5092,"self":0.2930082,"total":0.2930082,"children":null}}}