{"cameraMode":{"drawMode":0,"name":"Shaded","section":"Shading Mode"},"sceneLighting":false,"audioPlay":false,"sceneViewState":{"showFog":true,"showMaterialUpdate":false,"showSkybox":false,"showFlares":true,"showImageEffects":true,"showParticleSystems":true},"in2DMode":false,"pivot":{"x":-16.50985336303711,"y":9.430688858032227,"z":-18.569461822509767},"rotation":{"x":0.05075303465127945,"y":0.4030262231826782,"z":-0.02238786220550537,"w":0.9135057926177979},"size":8.951562881469727,"orthographic":true}