{"cameraMode":{"drawMode":0,"name":"Shaded","section":"Shading Mode"},"sceneLighting":false,"audioPlay":false,"sceneViewState":{"showFog":true,"showMaterialUpdate":false,"showSkybox":false,"showFlares":true,"showImageEffects":true,"showParticleSystems":true},"in2DMode":false,"pivot":{"x":-10.174269676208496,"y":-22.18203353881836,"z":-9.77424430847168},"rotation":{"x":-0.06220918893814087,"y":-0.9161966443061829,"z":0.1568000614643097,"w":-0.3634936809539795},"size":177.90208435058595,"orthographic":true}