{"cameraMode":{"drawMode":0,"name":"Shaded","section":"Shading Mode"},"sceneLighting":false,"audioPlay":false,"sceneViewState":{"showFog":true,"showMaterialUpdate":false,"showSkybox":false,"showFlares":true,"showImageEffects":true,"showParticleSystems":true},"in2DMode":false,"pivot":{"x":-2.783090353012085,"y":3.1365432739257814,"z":-22.33973503112793},"rotation":{"x":0.2335701733827591,"y":0.26687005162239077,"z":-0.06683732569217682,"w":0.9326082468032837},"size":2.1089251041412355,"orthographic":false}