{"cameraMode":{"drawMode":0,"name":"Shaded","section":"Shading Mode"},"sceneLighting":false,"audioPlay":false,"sceneViewState":{"showFog":true,"showMaterialUpdate":false,"showSkybox":false,"showFlares":true,"showImageEffects":true,"showParticleSystems":true},"in2DMode":false,"pivot":{"x":-45.648048400878909,"y":5.196666717529297,"z":-47.44340133666992},"rotation":{"x":0.5081371068954468,"y":0.4916478991508484,"z":-0.5102888345718384,"w":0.48957571387290957},"size":2.247292995452881,"orthographic":true}