{"cameraMode":{"drawMode":0,"name":"Shaded","section":"Shading Mode"},"sceneLighting":false,"audioPlay":false,"sceneViewState":{"showFog":true,"showMaterialUpdate":false,"showSkybox":false,"showFlares":true,"showImageEffects":true,"showParticleSystems":true},"in2DMode":false,"pivot":{"x":-6.261994361877441,"y":4.817999839782715,"z":-6.6190595626831059},"rotation":{"x":0.049060650169849399,"y":-0.7960847020149231,"z":0.06509014219045639,"w":0.5996711254119873},"size":7.4179277420043949,"orthographic":true}