{"cameraMode":{"drawMode":0,"name":"Shaded","section":"Shading Mode"},"sceneLighting":false,"audioPlay":false,"sceneViewState":{"showFog":true,"showMaterialUpdate":false,"showSkybox":false,"showFlares":true,"showImageEffects":true,"showParticleSystems":true},"in2DMode":false,"pivot":{"x":-4.871972560882568,"y":4.3225274085998539,"z":-3.341200590133667},"rotation":{"x":0.019820788875222207,"y":-0.6787518262863159,"z":0.01832970231771469,"w":0.7338714003562927},"size":1.7811503410339356,"orthographic":true}