{"cameraMode":{"drawMode":0,"name":"Shaded","section":"Shading Mode"},"sceneLighting":false,"audioPlay":false,"sceneViewState":{"showFog":true,"showMaterialUpdate":false,"showSkybox":true,"showFlares":true,"showImageEffects":true,"showParticleSystems":true},"in2DMode":false,"pivot":{"x":217.53164672851563,"y":119.79729461669922,"z":29.156251907348634},"rotation":{"x":-0.01949453167617321,"y":0.0209948867559433,"z":0.0004092533199582249,"w":0.9995895028114319},"size":233.7398223876953,"orthographic":true}