{"cameraMode":{"drawMode":0,"name":"Shaded","section":"Shading Mode"},"sceneLighting":false,"audioPlay":false,"sceneViewState":{"showFog":true,"showMaterialUpdate":false,"showSkybox":false,"showFlares":true,"showImageEffects":true,"showParticleSystems":true},"in2DMode":false,"pivot":{"x":-6.261994361877441,"y":4.817999839782715,"z":-6.6190595626831059},"rotation":{"x":-0.03171530365943909,"y":-0.6415226459503174,"z":-0.026592884212732316,"w":0.7659868001937866},"size":4.0768656730651859,"orthographic":true}