{"cameraMode":{"drawMode":0,"name":"Shaded","section":"Shading Mode"},"sceneLighting":false,"audioPlay":false,"sceneViewState":{"showFog":true,"showMaterialUpdate":false,"showSkybox":false,"showFlares":true,"showImageEffects":true,"showParticleSystems":true},"in2DMode":false,"pivot":{"x":0.21366670727729798,"y":2.233928918838501,"z":0.06321340799331665},"rotation":{"x":-0.7016506791114807,"y":0.013897559605538845,"z":-0.013689793646335602,"w":-0.7122540473937988},"size":9.43195629119873,"orthographic":true}