{"cameraMode":{"drawMode":0,"name":"Shaded","section":"Shading Mode"},"sceneLighting":false,"audioPlay":false,"sceneViewState":{"showFog":true,"showMaterialUpdate":false,"showSkybox":true,"showFlares":true,"showImageEffects":true,"showParticleSystems":true},"in2DMode":false,"pivot":{"x":77.52323913574219,"y":26.49103546142578,"z":-93.76193237304688},"rotation":{"x":0.11821640282869339,"y":0.010426213033497334,"z":-0.001241618418134749,"w":0.9929323792457581},"size":12.230339050292969,"orthographic":true}