{"cameraMode":{"drawMode":0,"name":"Shaded","section":"Shading Mode"},"sceneLighting":false,"audioPlay":false,"sceneViewState":{"showFog":true,"showMaterialUpdate":false,"showSkybox":true,"showFlares":true,"showImageEffects":true,"showParticleSystems":true},"in2DMode":false,"pivot":{"x":-30.69092559814453,"y":12.503030776977539,"z":-27.181943893432618},"rotation":{"x":-0.17473278939723969,"y":-0.2995087504386902,"z":0.055894918739795688,"w":-0.9362899661064148},"size":280.6592712402344,"orthographic":true}