{"cameraMode":{"drawMode":0,"name":"Shaded","section":"Shading Mode"},"sceneLighting":false,"audioPlay":false,"sceneViewState":{"showFog":true,"showMaterialUpdate":false,"showSkybox":true,"showFlares":true,"showImageEffects":true,"showParticleSystems":true},"in2DMode":false,"pivot":{"x":-2518.202392578125,"y":-26.25,"z":53.99995040893555},"rotation":{"x":0.00138483673799783,"y":-0.9442705512046814,"z":0.3291436433792114,"w":0.0039591118693351749},"size":1919.607666015625,"orthographic":true}