{"cameraMode":{"drawMode":0,"name":"Shaded","section":"Shading Mode"},"sceneLighting":false,"audioPlay":false,"sceneViewState":{"showFog":true,"showMaterialUpdate":false,"showSkybox":false,"showFlares":true,"showImageEffects":true,"showParticleSystems":true},"in2DMode":false,"pivot":{"x":16.687536239624025,"y":-3.621155023574829,"z":-9.499975204467774},"rotation":{"x":0.2854348123073578,"y":0.1217762753367424,"z":-0.03659180551767349,"w":0.9499255418777466},"size":284.1776428222656,"orthographic":true}