{"cameraMode":{"drawMode":0,"name":"Shaded","section":"Shading Mode"},"sceneLighting":false,"audioPlay":false,"sceneViewState":{"showFog":true,"showMaterialUpdate":false,"showSkybox":true,"showFlares":true,"showImageEffects":true,"showParticleSystems":true},"in2DMode":false,"pivot":{"x":-26.811172485351564,"y":1.8009661436080933,"z":52.37689971923828},"rotation":{"x":0.6372241377830505,"y":-0.0032366940286010505,"z":0.0026764608919620516,"w":0.7706671357154846},"size":189.840087890625,"orthographic":true}