{"cameraMode":{"drawMode":0,"name":"Shaded","section":"Shading Mode"},"sceneLighting":false,"audioPlay":false,"sceneViewState":{"showFog":true,"showMaterialUpdate":false,"showSkybox":true,"showFlares":true,"showImageEffects":true,"showParticleSystems":true},"in2DMode":false,"pivot":{"x":11.083674430847168,"y":-25.048967361450197,"z":-48.83712387084961},"rotation":{"x":-0.30490806698799136,"y":-0.39687496423721316,"z":0.14168687164783479,"w":-0.8540762066841126},"size":74.62250518798828,"orthographic":true}