{"cameraMode":{"drawMode":0,"name":"Shaded","section":"Shading Mode"},"sceneLighting":false,"audioPlay":false,"sceneViewState":{"showFog":true,"showMaterialUpdate":false,"showSkybox":false,"showFlares":true,"showImageEffects":true,"showParticleSystems":true},"in2DMode":false,"pivot":{"x":0.01931971311569214,"y":1.286858081817627,"z":-0.1615051031112671},"rotation":{"x":-0.3130105137825012,"y":-0.2671182453632355,"z":0.09221392869949341,"w":-0.9067352414131165},"size":5.869142532348633,"orthographic":true}