{"cameraMode":{"drawMode":0,"name":"Shaded","section":"Shading Mode"},"sceneLighting":false,"audioPlay":false,"sceneViewState":{"showFog":true,"showMaterialUpdate":false,"showSkybox":true,"showFlares":true,"showImageEffects":true,"showParticleSystems":true},"in2DMode":false,"pivot":{"x":-5.493667125701904,"y":2.640000104904175,"z":-5.98633337020874},"rotation":{"x":0.2532847821712494,"y":-0.05510520562529564,"z":0.014453076757490635,"w":0.9657129049301148},"size":219.8330535888672,"orthographic":true}