{"cameraMode":{"drawMode":0,"name":"Shaded","section":"Shading Mode"},"sceneLighting":false,"audioPlay":false,"sceneViewState":{"showFog":true,"showMaterialUpdate":false,"showSkybox":false,"showFlares":true,"showImageEffects":true,"showParticleSystems":true},"in2DMode":false,"pivot":{"x":-1.040000081062317,"y":0.12999999523162843,"z":1.1920928955078126e-7},"rotation":{"x":-0.10509466379880905,"y":0.013117384165525437,"z":-0.0014097747625783086,"w":-0.9943747520446777},"size":7.989081859588623,"orthographic":true}