{"cameraMode":{"drawMode":0,"name":"Shaded","section":"Shading Mode"},"sceneLighting":false,"audioPlay":false,"sceneViewState":{"showFog":true,"showMaterialUpdate":false,"showSkybox":true,"showFlares":true,"showImageEffects":true,"showParticleSystems":true},"in2DMode":false,"pivot":{"x":-1465.1591796875,"y":-315.091796875,"z":-360.24688720703127},"rotation":{"x":-0.003098612418398261,"y":-0.9427473545074463,"z":0.3333781063556671,"w":-0.008774871937930584},"size":1610.5989990234375,"orthographic":true}