{"cameraMode":{"drawMode":0,"name":"Shaded","section":"Shading Mode"},"sceneLighting":false,"audioPlay":false,"sceneViewState":{"showFog":true,"showMaterialUpdate":false,"showSkybox":false,"showFlares":true,"showImageEffects":true,"showParticleSystems":true},"in2DMode":false,"pivot":{"x":0.21366670727729798,"y":2.233928918838501,"z":0.06321340799331665},"rotation":{"x":-0.1741027534008026,"y":-0.17619536817073823,"z":0.03168025612831116,"w":-0.9683180451393127},"size":9.43195629119873,"orthographic":true}