{"cameraMode":{"drawMode":0,"name":"Shaded","section":"Shading Mode"},"sceneLighting":false,"audioPlay":false,"sceneViewState":{"showFog":true,"showMaterialUpdate":false,"showSkybox":true,"showFlares":true,"showImageEffects":true,"showParticleSystems":true},"in2DMode":false,"pivot":{"x":90.33960723876953,"y":18.26111602783203,"z":19.938127517700197},"rotation":{"x":0.25876039266586306,"y":-0.1069515272974968,"z":0.028840865939855577,"w":0.959568977355957},"size":132.45579528808595,"orthographic":true}