{"cameraMode":{"drawMode":0,"name":"Shaded","section":"Shading Mode"},"sceneLighting":false,"audioPlay":false,"sceneViewState":{"showFog":true,"showMaterialUpdate":false,"showSkybox":false,"showFlares":true,"showImageEffects":true,"showParticleSystems":true},"in2DMode":false,"pivot":{"x":0.7642714977264404,"y":0.18370339274406434,"z":0.06058032065629959},"rotation":{"x":-0.06012363359332085,"y":-0.7026562094688416,"z":0.05979805812239647,"w":-0.706458568572998},"size":2.709462881088257,"orthographic":false}