{"cameraMode":{"drawMode":0,"name":"Shaded","section":"Shading Mode"},"sceneLighting":false,"audioPlay":false,"sceneViewState":{"showFog":true,"showMaterialUpdate":false,"showSkybox":false,"showFlares":true,"showImageEffects":true,"showParticleSystems":true},"in2DMode":false,"pivot":{"x":0.21447783708572389,"y":1.250484585762024,"z":0.10517287254333496},"rotation":{"x":-0.18373660743236543,"y":-0.19032913446426392,"z":0.036288436502218249,"w":-0.9636902213096619},"size":6.699047565460205,"orthographic":true}