{"cameraMode":{"drawMode":0,"name":"Shaded","section":"Shading Mode"},"sceneLighting":false,"audioPlay":false,"sceneViewState":{"showFog":true,"showMaterialUpdate":false,"showSkybox":true,"showFlares":true,"showImageEffects":true,"showParticleSystems":true},"in2DMode":false,"pivot":{"x":-29.319000244140626,"y":4.07349967956543,"z":-6.0},"rotation":{"x":0.002300332998856902,"y":-0.2825961112976074,"z":0.0006783020799048245,"w":0.9592360258102417},"size":6.360456466674805,"orthographic":true}