{"cameraMode":{"drawMode":0,"name":"Shaded","section":"Shading Mode"},"sceneLighting":false,"audioPlay":false,"sceneViewState":{"showFog":true,"showMaterialUpdate":false,"showSkybox":false,"showFlares":true,"showImageEffects":true,"showParticleSystems":true},"in2DMode":false,"pivot":{"x":0.0,"y":0.05545756220817566,"z":-0.025729119777679445},"rotation":{"x":-0.16691187024116517,"y":-0.21548521518707276,"z":0.03741117939352989,"w":-0.9614088535308838},"size":1.5217163562774659,"orthographic":true}