{"cameraMode":{"drawMode":0,"name":"Shaded","section":"Shading Mode"},"sceneLighting":false,"audioPlay":false,"sceneViewState":{"showFog":true,"showMaterialUpdate":false,"showSkybox":true,"showFlares":true,"showImageEffects":true,"showParticleSystems":true},"in2DMode":false,"pivot":{"x":-261.56475830078127,"y":78.4312744140625,"z":67.3685073852539},"rotation":{"x":0.45190420746803286,"y":0.0013378987787291408,"z":-0.0006779074901714921,"w":0.8920652270317078},"size":2687.74560546875,"orthographic":true}