{"cameraMode":{"drawMode":0,"name":"Shaded","section":"Shading Mode"},"sceneLighting":false,"audioPlay":false,"sceneViewState":{"showFog":true,"showMaterialUpdate":false,"showSkybox":true,"showFlares":true,"showImageEffects":true,"showParticleSystems":true},"in2DMode":false,"pivot":{"x":18.20273780822754,"y":88.50811767578125,"z":-190.40103149414063},"rotation":{"x":0.10335731506347656,"y":0.23229657113552094,"z":-0.024833787232637407,"w":0.9668189287185669},"size":207.32907104492188,"orthographic":true}