{"cameraMode":{"drawMode":0,"name":"Shaded","section":"Shading Mode"},"sceneLighting":false,"audioPlay":false,"sceneViewState":{"showFog":true,"showMaterialUpdate":false,"showSkybox":false,"showFlares":true,"showImageEffects":true,"showParticleSystems":true},"in2DMode":false,"pivot":{"x":2.3101000785827638,"y":0.0,"z":-2.7567148208618166e-7},"rotation":{"x":-0.3228711187839508,"y":-0.08955518901348114,"z":0.030680272728204728,"w":-0.94169682264328},"size":0.7982749342918396,"orthographic":true}