{"cameraMode":{"drawMode":0,"name":"Shaded","section":"Shading Mode"},"sceneLighting":false,"audioPlay":false,"sceneViewState":{"showFog":true,"showMaterialUpdate":false,"showSkybox":true,"showFlares":true,"showImageEffects":true,"showParticleSystems":true},"in2DMode":false,"pivot":{"x":217.42822265625,"y":148.16293334960938,"z":27.318628311157228},"rotation":{"x":-0.01949453167617321,"y":0.0209948867559433,"z":0.0004092533199582249,"w":0.9995895028114319},"size":187.56475830078126,"orthographic":true}