{"cameraMode":{"drawMode":0,"name":"Shaded","section":"Shading Mode"},"sceneLighting":false,"audioPlay":false,"sceneViewState":{"showFog":true,"showMaterialUpdate":false,"showSkybox":true,"showFlares":true,"showImageEffects":true,"showParticleSystems":true},"in2DMode":false,"pivot":{"x":15.581541061401368,"y":-15.824999809265137,"z":-13.434152603149414},"rotation":{"x":0.5096831321716309,"y":0.01419460866600275,"z":-0.008410693146288395,"w":0.8602040410041809},"size":368.54510498046877,"orthographic":true}