{"cameraMode":{"drawMode":0,"name":"Shaded","section":"Shading Mode"},"sceneLighting":false,"audioPlay":false,"sceneViewState":{"showFog":true,"showMaterialUpdate":false,"showSkybox":false,"showFlares":true,"showImageEffects":true,"showParticleSystems":true},"in2DMode":false,"pivot":{"x":0.0,"y":1.2418371438980103,"z":-0.10558110475540161},"rotation":{"x":-0.0448889322578907,"y":-0.9531465768814087,"z":0.17787861824035645,"w":-0.24053232371807099},"size":6.740354061126709,"orthographic":true}