{"cameraMode":{"drawMode":0,"name":"Shaded","section":"Shading Mode"},"sceneLighting":false,"audioPlay":false,"sceneViewState":{"showFog":true,"showMaterialUpdate":false,"showSkybox":false,"showFlares":true,"showImageEffects":true,"showParticleSystems":true},"in2DMode":false,"pivot":{"x":0.0,"y":0.07350000739097595,"z":0.6775000095367432},"rotation":{"x":0.0336252897977829,"y":-0.7436978220939636,"z":0.03751237690448761,"w":0.6666151285171509},"size":6.351885795593262,"orthographic":true}