{"cameraMode":{"drawMode":0,"name":"Shaded","section":"Shading Mode"},"sceneLighting":false,"audioPlay":false,"sceneViewState":{"showFog":true,"showMaterialUpdate":false,"showSkybox":false,"showFlares":true,"showImageEffects":true,"showParticleSystems":true},"in2DMode":false,"pivot":{"x":-17.899999618530275,"y":2.5899999141693117,"z":-21.719999313354493},"rotation":{"x":0.09455455839633942,"y":0.8983240723609924,"z":-0.23791378736495973,"w":0.3570299446582794},"size":3.0595078468322756,"orthographic":true}