{"cameraMode":{"drawMode":0,"name":"Shaded","section":"Shading Mode"},"sceneLighting":false,"audioPlay":false,"sceneViewState":{"showFog":true,"showMaterialUpdate":false,"showSkybox":true,"showFlares":true,"showImageEffects":true,"showParticleSystems":true},"in2DMode":false,"pivot":{"x":-16.739999771118165,"y":3.320000171661377,"z":-16.5},"rotation":{"x":0.017953922972083093,"y":0.06923338025808335,"z":-0.0012461879523470998,"w":0.9974381923675537},"size":6.065587043762207,"orthographic":true}