{"cameraMode":{"drawMode":0,"name":"Shaded","section":"Shading Mode"},"sceneLighting":false,"audioPlay":false,"sceneViewState":{"showFog":true,"showMaterialUpdate":false,"showSkybox":false,"showFlares":true,"showImageEffects":true,"showParticleSystems":true},"in2DMode":false,"pivot":{"x":-1.2236472368240357,"y":8.705957412719727,"z":-0.2265625},"rotation":{"x":-0.04943328723311424,"y":-0.6921916604042053,"z":0.04762772470712662,"w":-0.7184418439865112},"size":15.935418128967286,"orthographic":true}