{"cameraMode":{"drawMode":0,"name":"Shaded","section":"Shading Mode"},"sceneLighting":false,"audioPlay":false,"sceneViewState":{"showFog":true,"showMaterialUpdate":false,"showSkybox":false,"showFlares":true,"showImageEffects":true,"showParticleSystems":true},"in2DMode":false,"pivot":{"x":0.29394641518592837,"y":1.2677510976791382,"z":0.11585238575935364},"rotation":{"x":-0.18373660743236543,"y":-0.19032913446426392,"z":0.036288436502218249,"w":-0.9636902213096619},"size":6.842667579650879,"orthographic":true}