{"cameraMode":{"drawMode":0,"name":"Shaded","section":"Shading Mode"},"sceneLighting":false,"audioPlay":false,"sceneViewState":{"showFog":true,"showMaterialUpdate":false,"showSkybox":true,"showFlares":true,"showImageEffects":true,"showParticleSystems":true},"in2DMode":false,"pivot":{"x":-21.195158004760743,"y":3.0988426208496095,"z":-13.64228630065918},"rotation":{"x":-0.037741824984550479,"y":0.43782028555870058,"z":-0.01839984953403473,"w":-0.8980815410614014},"size":11.500402450561524,"orthographic":true}