{"cameraMode":{"drawMode":0,"name":"Shaded","section":"Shading Mode"},"sceneLighting":false,"audioPlay":false,"sceneViewState":{"showFog":true,"showMaterialUpdate":false,"showSkybox":false,"showFlares":true,"showImageEffects":true,"showParticleSystems":true},"in2DMode":false,"pivot":{"x":0.25304174423217776,"y":0.4042748510837555,"z":0.04979753494262695},"rotation":{"x":-0.17429976165294648,"y":-0.2722349762916565,"z":0.05021379515528679,"w":-0.9449794888496399},"size":7.340957164764404,"orthographic":true}