{"cameraMode":{"drawMode":0,"name":"Shaded","section":"Shading Mode"},"sceneLighting":false,"audioPlay":false,"sceneViewState":{"showFog":true,"showMaterialUpdate":false,"showSkybox":false,"showFlares":true,"showImageEffects":true,"showParticleSystems":true},"in2DMode":false,"pivot":{"x":0.005280673503875732,"y":0.06486958265304566,"z":-0.0015321969985961915},"rotation":{"x":-0.3130105137825012,"y":-0.2671182453632355,"z":0.09221392869949341,"w":-0.9067352414131165},"size":3.812105894088745,"orthographic":true}