{"cameraMode":{"drawMode":0,"name":"Shaded","section":"Shading Mode"},"sceneLighting":false,"audioPlay":false,"sceneViewState":{"showFog":true,"showMaterialUpdate":false,"showSkybox":true,"showFlares":true,"showImageEffects":true,"showParticleSystems":true},"in2DMode":false,"pivot":{"x":234.42250061035157,"y":127.10346984863281,"z":15.951074600219727},"rotation":{"x":-0.01949453167617321,"y":0.0209948867559433,"z":0.0004092533199582249,"w":0.9995895028114319},"size":198.4036102294922,"orthographic":true}