{"cameraMode":{"drawMode":0,"name":"Shaded","section":"Shading Mode"},"sceneLighting":false,"audioPlay":false,"sceneViewState":{"showFog":true,"showMaterialUpdate":false,"showSkybox":true,"showFlares":true,"showImageEffects":true,"showParticleSystems":true},"in2DMode":false,"pivot":{"x":456.76654052734377,"y":129.2881317138672,"z":18.049510955810548},"rotation":{"x":0.25876039266586306,"y":-0.1069515272974968,"z":0.028840865939855577,"w":0.959568977355957},"size":869.4798583984375,"orthographic":true}