{"cameraMode":{"drawMode":0,"name":"Shaded","section":"Shading Mode"},"sceneLighting":false,"audioPlay":false,"sceneViewState":{"showFog":true,"showMaterialUpdate":false,"showSkybox":true,"showFlares":true,"showImageEffects":true,"showParticleSystems":true},"in2DMode":false,"pivot":{"x":0.015241742134094239,"y":0.6322873830795288,"z":-0.061376333236694339},"rotation":{"x":-0.18373660743236543,"y":-0.19032913446426392,"z":0.036288436502218249,"w":-0.9636902213096619},"size":38.77230453491211,"orthographic":true}