{"cameraMode":{"drawMode":0,"name":"Shaded","section":"Shading Mode"},"sceneLighting":false,"audioPlay":false,"sceneViewState":{"showFog":true,"showMaterialUpdate":false,"showSkybox":true,"showFlares":true,"showImageEffects":true,"showParticleSystems":true},"in2DMode":false,"pivot":{"x":-21.48085594177246,"y":6.063352108001709,"z":-18.16822052001953},"rotation":{"x":0.14283441007137299,"y":-0.14493629336357118,"z":0.021148882806301118,"w":0.9788486361503601},"size":25.376283645629884,"orthographic":true}