{"cameraMode":{"drawMode":0,"name":"Shaded","section":"Shading Mode"},"sceneLighting":false,"audioPlay":false,"sceneViewState":{"showFog":true,"showMaterialUpdate":false,"showSkybox":true,"showFlares":true,"showImageEffects":true,"showParticleSystems":true},"in2DMode":false,"pivot":{"x":-3.2222719192504885,"y":-3.9938812255859377,"z":32.831298828125},"rotation":{"x":0.24482682347297669,"y":0.11053404957056046,"z":-0.028106553480029107,"w":0.9628354907035828},"size":208.88583374023438,"orthographic":true}