{"cameraMode":{"drawMode":0,"name":"Shaded","section":"Shading Mode"},"sceneLighting":false,"audioPlay":false,"sceneViewState":{"showFog":true,"showMaterialUpdate":false,"showSkybox":false,"showFlares":true,"showImageEffects":true,"showParticleSystems":true},"in2DMode":false,"pivot":{"x":-16.50985336303711,"y":9.430688858032227,"z":-18.569461822509767},"rotation":{"x":0.08027476817369461,"y":0.22526106238365174,"z":-0.01862279325723648,"w":0.9708072543144226},"size":14.854629516601563,"orthographic":true}