{"cameraMode":{"drawMode":0,"name":"Shaded","section":"Shading Mode"},"sceneLighting":false,"audioPlay":false,"sceneViewState":{"showFog":true,"showMaterialUpdate":false,"showSkybox":false,"showFlares":true,"showImageEffects":true,"showParticleSystems":true},"in2DMode":false,"pivot":{"x":0.04251326248049736,"y":-0.09088003635406494,"z":0.18270818889141084},"rotation":{"x":-0.0111648915335536,"y":-0.7116629481315613,"z":0.01131879910826683,"w":-0.7023411989212036},"size":1.1915398836135865,"orthographic":true}