{"cameraMode":{"drawMode":0,"name":"Shaded","section":"Shading Mode"},"sceneLighting":false,"audioPlay":false,"sceneViewState":{"showFog":true,"showMaterialUpdate":false,"showSkybox":false,"showFlares":true,"showImageEffects":true,"showParticleSystems":true},"in2DMode":false,"pivot":{"x":-17.899999618530275,"y":2.5899999141693117,"z":-21.719999313354493},"rotation":{"x":0.0685211718082428,"y":0.11050889641046524,"z":-0.0076374392956495289,"w":0.9914808869361877},"size":12.223258972167969,"orthographic":true}