{"cameraMode":{"drawMode":0,"name":"Shaded","section":"Shading Mode"},"sceneLighting":false,"audioPlay":false,"sceneViewState":{"showFog":true,"showMaterialUpdate":false,"showSkybox":false,"showFlares":true,"showImageEffects":true,"showParticleSystems":true},"in2DMode":false,"pivot":{"x":0.005280673503875732,"y":0.06486958265304566,"z":-0.0015321969985961915},"rotation":{"x":-0.19576889276504517,"y":-0.24134506285190583,"z":0.04978051781654358,"w":-0.9491833448410034},"size":13.07437801361084,"orthographic":true}