{"cameraMode":{"drawMode":0,"name":"Shaded","section":"Shading Mode"},"sceneLighting":false,"audioPlay":false,"sceneViewState":{"showFog":true,"showMaterialUpdate":false,"showSkybox":false,"showFlares":true,"showImageEffects":true,"showParticleSystems":true},"in2DMode":false,"pivot":{"x":0.8852999210357666,"y":0.09554998576641083,"z":-1.1920928955078126e-7},"rotation":{"x":0.0010353145189583302,"y":0.965659499168396,"z":-0.25978195667266848,"w":0.0037581061478704216},"size":4.9827470779418949,"orthographic":true}