{"cameraMode":{"drawMode":0,"name":"Shaded","section":"Shading Mode"},"sceneLighting":false,"audioPlay":false,"sceneViewState":{"showFog":true,"showMaterialUpdate":false,"showSkybox":false,"showFlares":true,"showImageEffects":true,"showParticleSystems":true},"in2DMode":false,"pivot":{"x":0.07277035713195801,"y":0.06725312769412995,"z":0.002560853958129883},"rotation":{"x":-0.08136879652738571,"y":-0.10295993089675904,"z":0.008451834321022034,"w":-0.9913157820701599},"size":3.0995426177978517,"orthographic":true}