{"cameraMode":{"drawMode":0,"name":"Shaded","section":"Shading Mode"},"sceneLighting":false,"audioPlay":false,"sceneViewState":{"showFog":true,"showMaterialUpdate":false,"showSkybox":false,"showFlares":true,"showImageEffects":true,"showParticleSystems":true},"in2DMode":false,"pivot":{"x":-23.74669075012207,"y":0.35614854097366335,"z":-4.797244071960449},"rotation":{"x":0.0022870292887091638,"y":0.6480311751365662,"z":-0.0019414775306358934,"w":0.7616079449653626},"size":2.7023119926452638,"orthographic":true}