{"cameraMode":{"drawMode":0,"name":"Shaded","section":"Shading Mode"},"sceneLighting":false,"audioPlay":false,"sceneViewState":{"showFog":true,"showMaterialUpdate":false,"showSkybox":true,"showFlares":true,"showImageEffects":true,"showParticleSystems":true},"in2DMode":false,"pivot":{"x":-17.740123748779298,"y":11.04499626159668,"z":-14.373374938964844},"rotation":{"x":0.11403682827949524,"y":-0.32308611273765566,"z":0.03925253450870514,"w":0.9386534690856934},"size":54.80292892456055,"orthographic":false}