{"cameraMode":{"drawMode":0,"name":"Shaded","section":"Shading Mode"},"sceneLighting":false,"audioPlay":false,"sceneViewState":{"showFog":true,"showMaterialUpdate":false,"showSkybox":false,"showFlares":true,"showImageEffects":true,"showParticleSystems":true},"in2DMode":false,"pivot":{"x":-4.600000381469727,"y":4.1585001945495609,"z":-3.6433334350585939},"rotation":{"x":0.06778448820114136,"y":-0.2987744212150574,"z":0.021257437765598298,"w":0.9516760110855103},"size":0.7705256938934326,"orthographic":true}