{"cameraMode":{"drawMode":0,"name":"Shaded","section":"Shading Mode"},"sceneLighting":false,"audioPlay":false,"sceneViewState":{"showFog":true,"showMaterialUpdate":false,"showSkybox":false,"showFlares":true,"showImageEffects":true,"showParticleSystems":true},"in2DMode":false,"pivot":{"x":-0.0047578513622283939,"y":0.00956416130065918,"z":0.36477285623550417},"rotation":{"x":-0.08549879491329193,"y":-0.8937020897865295,"z":0.19300886988639832,"w":-0.3958964943885803},"size":2.1633572578430177,"orthographic":true}