{"cameraMode":{"drawMode":0,"name":"Shaded","section":"Shading Mode"},"sceneLighting":false,"audioPlay":false,"sceneViewState":{"showFog":true,"showMaterialUpdate":false,"showSkybox":true,"showFlares":true,"showImageEffects":true,"showParticleSystems":true},"in2DMode":false,"pivot":{"x":-8.440143585205079,"y":-6.511527061462402,"z":22.510818481445314},"rotation":{"x":-0.36312147974967959,"y":-0.01957549713551998,"z":0.007609273307025433,"w":-0.9315050840377808},"size":245.5760498046875,"orthographic":true}