{"cameraMode":{"drawMode":0,"name":"Shaded","section":"Shading Mode"},"sceneLighting":false,"audioPlay":false,"sceneViewState":{"showFog":true,"showMaterialUpdate":false,"showSkybox":false,"showFlares":true,"showImageEffects":true,"showParticleSystems":true},"in2DMode":false,"pivot":{"x":0.0,"y":0.0987827330827713,"z":-0.10996866226196289},"rotation":{"x":-0.17429976165294648,"y":-0.2722349762916565,"z":0.05021379515528679,"w":-0.9449794888496399},"size":3.3674099445343019,"orthographic":true}