{"cameraMode":{"drawMode":0,"name":"Shaded","section":"Shading Mode"},"sceneLighting":false,"audioPlay":false,"sceneViewState":{"showFog":true,"showMaterialUpdate":false,"showSkybox":true,"showFlares":true,"showImageEffects":true,"showParticleSystems":true},"in2DMode":false,"pivot":{"x":45.285301208496097,"y":13.795549392700196,"z":-5.5},"rotation":{"x":0.0063040307722985748,"y":-0.9179176688194275,"z":0.014594118110835553,"w":0.3964523375034332},"size":89.06587219238281,"orthographic":true}