{"cameraMode":{"drawMode":0,"name":"Shaded","section":"Shading Mode"},"sceneLighting":false,"audioPlay":false,"sceneViewState":{"showFog":true,"showMaterialUpdate":false,"showSkybox":false,"showFlares":true,"showImageEffects":true,"showParticleSystems":true},"in2DMode":false,"pivot":{"x":0.015241742134094239,"y":0.5088341236114502,"z":-0.061376333236694339},"rotation":{"x":-0.06220918893814087,"y":-0.9161966443061829,"z":0.1568000614643097,"w":-0.3634936809539795},"size":5.428604602813721,"orthographic":true}