{"cameraMode":{"drawMode":0,"name":"Shaded","section":"Shading Mode"},"sceneLighting":false,"audioPlay":false,"sceneViewState":{"showFog":true,"showMaterialUpdate":false,"showSkybox":false,"showFlares":true,"showImageEffects":true,"showParticleSystems":true},"in2DMode":false,"pivot":{"x":-4.770000457763672,"y":4.110000133514404,"z":-2.497333526611328},"rotation":{"x":-0.021605676040053369,"y":0.7272251844406128,"z":-0.02291528321802616,"w":-0.6856760382652283},"size":1.5239431858062745,"orthographic":true}