{"cameraMode":{"drawMode":0,"name":"Shaded","section":"Shading Mode"},"sceneLighting":false,"audioPlay":false,"sceneViewState":{"showFog":true,"showMaterialUpdate":false,"showSkybox":false,"showFlares":true,"showImageEffects":true,"showParticleSystems":true},"in2DMode":false,"pivot":{"x":-4.770000457763672,"y":4.110000133514404,"z":-2.497333526611328},"rotation":{"x":-0.04241038113832474,"y":0.9069819450378418,"z":-0.09420929849147797,"w":-0.40830105543136599},"size":2.528900146484375,"orthographic":true}