{"cameraMode":{"drawMode":0,"name":"Shaded","section":"Shading Mode"},"sceneLighting":false,"audioPlay":false,"sceneViewState":{"showFog":true,"showMaterialUpdate":false,"showSkybox":false,"showFlares":true,"showImageEffects":true,"showParticleSystems":true},"in2DMode":false,"pivot":{"x":-4.1967453956604,"y":4.391286849975586,"z":-3.547966480255127},"rotation":{"x":-0.001788423047401011,"y":-0.989785373210907,"z":0.14200754463672639,"w":-0.012474640272557736},"size":2.338935136795044,"orthographic":true}