{"cameraMode":{"drawMode":0,"name":"Shaded","section":"Shading Mode"},"sceneLighting":false,"audioPlay":false,"sceneViewState":{"showFog":true,"showMaterialUpdate":false,"showSkybox":true,"showFlares":true,"showImageEffects":true,"showParticleSystems":true},"in2DMode":false,"pivot":{"x":-30.015600204467775,"y":-19.487506866455079,"z":389.7059631347656},"rotation":{"x":0.6996048092842102,"y":0.007502031046897173,"z":-0.007346120662987232,"w":0.714452862739563},"size":1047.1995849609375,"orthographic":true}