{
  "name": "root",
  "gauges": [
    {
      "name": "Galvadon2Learning.mean_reward",
      "value": 64.51001767629558,
      "min": -29.462684936754936,
      "max": 64.54918631305918,
      "count": 50
    }
  ],
  "total": 3820.6882158000003,
  "count": 1,
  "self": 84.55286399991473,
  "children": [
    {
      "name": "TrainerController.advance",
      "total": 3736.1353518000856,
      "count": 252738,
      "self": 4.853818000141473,
      "children": [
        {
          "name": "env_step",
          "total": 3371.729921199938,
          "count": 252738,
          "self": 3101.0173019998947,
          "children": [
            {
              "name": "SubprocessEnvManager._take_step",
              "total": 266.11487780007224,
              "count": 252738,
              "self": 11.188642900038957,
              "children": [
                {
                  "name": "PPOPolicy.evaluate",
                  "total": 254.92623490003328,
                  "count": 252738,
                  "self": 254.92623490003328
                }
              ]
            },
            {
              "name": "workers",
              "total": 4.597741399970931,
              "count": 252738,
              "self": 0.0,
              "children": [
                {
                  "name": "worker_root",
                  "total": 3812.355128400001,
                  "count": 252738,
                  "is_parallel": true,
                  "self": 1033.899639200028,
                  "children": [
                    {
                      "name": "batched_step_result_from_proto",
                      "total": 0.0010712999999995532,
                      "count": 1,
                      "is_parallel": true,
                      "self": 0.0003073000000002324,
                      "children": [
                        {
                          "name": "_process_vector_observation",
                          "total": 0.0007639999999993208,
                          "count": 2,
                          "is_parallel": true,
                          "self": 0.0007639999999993208
                        }
                      ]
                    },
                    {
                      "name": "UnityEnvironment.step",
                      "total": 2778.4544178999727,
                      "count": 252738,
                      "is_parallel": true,
                      "self": 42.50886019993186,
                      "children": [
                        {
                          "name": "UnityEnvironment._generate_step_input",
                          "total": 29.564237900053715,
                          "count": 252738,
                          "is_parallel": true,
                          "self": 29.564237900053715
                        },
                        {
                          "name": "communicator.exchange",
                          "total": 2533.891904599976,
                          "count": 252738,
                          "is_parallel": true,
                          "self": 2533.891904599976
                        },
                        {
                          "name": "batched_step_result_from_proto",
                          "total": 172.48941520001114,
                          "count": 252738,
                          "is_parallel": true,
                          "self": 45.27985540004602,
                          "children": [
                            {
                              "name": "_process_vector_observation",
                              "total": 127.20955979996512,
                              "count": 505476,
                              "is_parallel": true,
                              "self": 127.20955979996512
                            }
                          ]
                        }
                      ]
                    }
                  ]
                }
              ]
            }
          ]
        },
        {
          "name": "trainer_advance",
          "total": 359.551612600006,
          "count": 252738,
          "self": 8.203850899966312,
          "children": [
            {
              "name": "process_trajectory",
              "total": 104.07318340004004,
              "count": 252738,
              "self": 104.07318340004004
            },
            {
              "name": "_update_policy",
              "total": 247.2745782999997,
              "count": 164,
              "self": 151.73306369999318,
              "children": [
                {
                  "name": "PPOPolicy.update",
                  "total": 95.54151460000651,
                  "count": 2460,
                  "self": 95.54151460000651
                }
              ]
            }
          ]
        }
      ]
    }
  ]
}