{
  "name": "root",
  "gauges": [
    {
      "name": "Heliosv3Learning.mean_reward",
      "value": 1.1712642556114132,
      "min": 1.1462396127892265,
      "max": 1.173380508478158,
      "count": 113
    }
  ],
  "total": 781.3599722,
  "count": 1,
  "self": 26.205595499999504,
  "children": [
    {
      "name": "TrainerController.advance",
      "total": 755.1543767000005,
      "count": 63401,
      "self": 1.2275497000009636,
      "children": [
        {
          "name": "env_step",
          "total": 622.1580709000018,
          "count": 63401,
          "self": 548.4091200000013,
          "children": [
            {
              "name": "SubprocessEnvManager._take_step",
              "total": 72.61159599998872,
              "count": 63401,
              "self": 2.9840274999901197,
              "children": [
                {
                  "name": "PPOPolicy.evaluate",
                  "total": 69.6275684999986,
                  "count": 63401,
                  "self": 69.6275684999986
                }
              ]
            },
            {
              "name": "workers",
              "total": 1.1373549000117809,
              "count": 63400,
              "self": 0.0,
              "children": [
                {
                  "name": "worker_root",
                  "total": 778.1404630000027,
                  "count": 63400,
                  "is_parallel": true,
                  "self": 314.2811470000096,
                  "children": [
                    {
                      "name": "batched_step_result_from_proto",
                      "total": 0.0009195000000001841,
                      "count": 1,
                      "is_parallel": true,
                      "self": 0.00020909999999929596,
                      "children": [
                        {
                          "name": "_process_vector_observation",
                          "total": 0.0007104000000008881,
                          "count": 3,
                          "is_parallel": true,
                          "self": 0.0007104000000008881
                        }
                      ]
                    },
                    {
                      "name": "UnityEnvironment.step",
                      "total": 463.8583964999931,
                      "count": 63400,
                      "is_parallel": true,
                      "self": 15.464633399988315,
                      "children": [
                        {
                          "name": "UnityEnvironment._generate_step_input",
                          "total": 9.21555869999931,
                          "count": 63400,
                          "is_parallel": true,
                          "self": 9.21555869999931
                        },
                        {
                          "name": "communicator.exchange",
                          "total": 371.2964398000028,
                          "count": 63400,
                          "is_parallel": true,
                          "self": 371.2964398000028
                        },
                        {
                          "name": "batched_step_result_from_proto",
                          "total": 67.88176460000267,
                          "count": 63400,
                          "is_parallel": true,
                          "self": 14.154029899986334,
                          "children": [
                            {
                              "name": "_process_vector_observation",
                              "total": 53.727734700016335,
                              "count": 190200,
                              "is_parallel": true,
                              "self": 53.727734700016335
                            }
                          ]
                        }
                      ]
                    }
                  ]
                }
              ]
            }
          ]
        },
        {
          "name": "trainer_advance",
          "total": 131.7687560999978,
          "count": 63400,
          "self": 3.351664200003171,
          "children": [
            {
              "name": "process_trajectory",
              "total": 35.11455639999483,
              "count": 63400,
              "self": 35.11455639999483
            },
            {
              "name": "_update_policy",
              "total": 93.3025354999998,
              "count": 27,
              "self": 48.38423759999889,
              "children": [
                {
                  "name": "PPOPolicy.update",
                  "total": 44.918297900000915,
                  "count": 810,
                  "self": 44.918297900000915
                }
              ]
            }
          ]
        }
      ]
    }
  ]
}