{
  "name": "root",
  "gauges": [
    {
      "name": "Heliosv3Learning.mean_reward",
      "value": 63.438662386199994,
      "min": -4.834652559698692,
      "max": 68.81398002023343,
      "count": 59
    }
  ],
  "total": 4451.8326745,
  "count": 1,
  "self": 104.35969589993238,
  "children": [
    {
      "name": "TrainerController.advance",
      "total": 4347.472978600068,
      "count": 297884,
      "self": 5.926161300044441,
      "children": [
        {
          "name": "env_step",
          "total": 3874.381558000048,
          "count": 297884,
          "self": 3529.49881990013,
          "children": [
            {
              "name": "SubprocessEnvManager._take_step",
              "total": 339.51160459998596,
              "count": 297884,
              "self": 12.940654199826724,
              "children": [
                {
                  "name": "PPOPolicy.evaluate",
                  "total": 326.57095040015923,
                  "count": 297884,
                  "self": 326.57095040015923
                }
              ]
            },
            {
              "name": "workers",
              "total": 5.371133499931753,
              "count": 297883,
              "self": 0.0,
              "children": [
                {
                  "name": "worker_root",
                  "total": 4442.178501200013,
                  "count": 297883,
                  "is_parallel": true,
                  "self": 1301.848819200039,
                  "children": [
                    {
                      "name": "batched_step_result_from_proto",
                      "total": 0.0009411000000003611,
                      "count": 1,
                      "is_parallel": true,
                      "self": 0.00028040000000295606,
                      "children": [
                        {
                          "name": "_process_vector_observation",
                          "total": 0.000660699999997405,
                          "count": 3,
                          "is_parallel": true,
                          "self": 0.000660699999997405
                        }
                      ]
                    },
                    {
                      "name": "UnityEnvironment.step",
                      "total": 3140.3287408999736,
                      "count": 297883,
                      "is_parallel": true,
                      "self": 53.7847170000332,
                      "children": [
                        {
                          "name": "UnityEnvironment._generate_step_input",
                          "total": 34.52632669996855,
                          "count": 297883,
                          "is_parallel": true,
                          "self": 34.52632669996855
                        },
                        {
                          "name": "communicator.exchange",
                          "total": 2828.0819206998312,
                          "count": 297883,
                          "is_parallel": true,
                          "self": 2828.0819206998312
                        },
                        {
                          "name": "batched_step_result_from_proto",
                          "total": 223.9357765001407,
                          "count": 297883,
                          "is_parallel": true,
                          "self": 54.171271299806335,
                          "children": [
                            {
                              "name": "_process_vector_observation",
                              "total": 169.76450520033436,
                              "count": 893649,
                              "is_parallel": true,
                              "self": 169.76450520033436
                            }
                          ]
                        }
                      ]
                    }
                  ]
                }
              ]
            }
          ]
        },
        {
          "name": "trainer_advance",
          "total": 467.1652592999754,
          "count": 297883,
          "self": 9.69019239985704,
          "children": [
            {
              "name": "process_trajectory",
              "total": 132.83045000011776,
              "count": 297883,
              "self": 132.83045000011776
            },
            {
              "name": "_update_policy",
              "total": 324.6446169000006,
              "count": 101,
              "self": 165.2301158999761,
              "children": [
                {
                  "name": "PPOPolicy.update",
                  "total": 159.41450100002447,
                  "count": 3030,
                  "self": 159.41450100002447
                }
              ]
            }
          ]
        }
      ]
    }
  ]
}