{
  "name": "root",
  "gauges": [
    {
      "name": "MulakDefensiveLearning.mean_reward",
      "value": -0.2222222255335914,
      "min": -0.5888888976640172,
      "max": -0.13333333532015482,
      "count": 141
    }
  ],
  "total": 5764.8179289,
  "count": 1,
  "self": 48.201816499867164,
  "children": [
    {
      "name": "TrainerController.advance",
      "total": 5716.616112400133,
      "count": 141417,
      "self": 2.6602926002924505,
      "children": [
        {
          "name": "env_step",
          "total": 5440.537327399865,
          "count": 141417,
          "self": 5309.638564399845,
          "children": [
            {
              "name": "SubprocessEnvManager._take_step",
              "total": 128.31454170003238,
              "count": 141417,
              "self": 6.502276100148094,
              "children": [
                {
                  "name": "PPOPolicy.evaluate",
                  "total": 121.81226559988428,
                  "count": 141417,
                  "self": 121.81226559988428
                }
              ]
            },
            {
              "name": "workers",
              "total": 2.584221299987367,
              "count": 141416,
              "self": 0.0,
              "children": [
                {
                  "name": "worker_root",
                  "total": 5759.721960600039,
                  "count": 141416,
                  "is_parallel": true,
                  "self": 626.4346526001791,
                  "children": [
                    {
                      "name": "batched_step_result_from_proto",
                      "total": 0.0007950999999994934,
                      "count": 1,
                      "is_parallel": true,
                      "self": 0.00011809999999989884,
                      "children": [
                        {
                          "name": "_process_vector_observation",
                          "total": 0.0006769999999995946,
                          "count": 2,
                          "is_parallel": true,
                          "self": 0.0006769999999995946
                        }
                      ]
                    },
                    {
                      "name": "UnityEnvironment.step",
                      "total": 5133.28651289986,
                      "count": 141416,
                      "is_parallel": true,
                      "self": 23.801229099799457,
                      "children": [
                        {
                          "name": "UnityEnvironment._generate_step_input",
                          "total": 19.05748080005846,
                          "count": 141416,
                          "is_parallel": true,
                          "self": 19.05748080005846
                        },
                        {
                          "name": "communicator.exchange",
                          "total": 5008.814641500051,
                          "count": 141416,
                          "is_parallel": true,
                          "self": 5008.814641500051
                        },
                        {
                          "name": "batched_step_result_from_proto",
                          "total": 81.6131614999515,
                          "count": 141416,
                          "is_parallel": true,
                          "self": 12.313364900217678,
                          "children": [
                            {
                              "name": "_process_vector_observation",
                              "total": 69.29979659973382,
                              "count": 282832,
                              "is_parallel": true,
                              "self": 69.29979659973382
                            }
                          ]
                        }
                      ]
                    }
                  ]
                }
              ]
            }
          ]
        },
        {
          "name": "trainer_advance",
          "total": 273.4184923999753,
          "count": 141416,
          "self": 4.587868199766035,
          "children": [
            {
              "name": "process_trajectory",
              "total": 71.38042480020681,
              "count": 141416,
              "self": 71.38042480020681
            },
            {
              "name": "_update_policy",
              "total": 197.4501994000025,
              "count": 565,
              "self": 122.59021170004928,
              "children": [
                {
                  "name": "PPOPolicy.update",
                  "total": 74.85998769995322,
                  "count": 29664,
                  "self": 74.85998769995322
                }
              ]
            }
          ]
        }
      ]
    }
  ]
}