{
  "name": "root",
  "gauges": [
    {
      "name": "MulakDefensiveLearning.mean_reward",
      "value": -0.016666666915019352,
      "min": -0.7166666773458322,
      "max": -0.005555555638339784,
      "count": 65
    }
  ],
  "total": 3875.822752,
  "count": 1,
  "self": 35.54689239996924,
  "children": [
    {
      "name": "TrainerController.advance",
      "total": 3840.275859600031,
      "count": 36555,
      "self": 0.6723715000293851,
      "children": [
        {
          "name": "env_step",
          "total": 3765.5800232000242,
          "count": 36555,
          "self": 3732.6054769,
          "children": [
            {
              "name": "SubprocessEnvManager._take_step",
              "total": 32.34473030002714,
              "count": 36555,
              "self": 1.6384122001026071,
              "children": [
                {
                  "name": "PPOPolicy.evaluate",
                  "total": 30.70631809992453,
                  "count": 36555,
                  "self": 30.70631809992453
                }
              ]
            },
            {
              "name": "workers",
              "total": 0.6298159999970636,
              "count": 36554,
              "self": 0.0,
              "children": [
                {
                  "name": "worker_root",
                  "total": 3873.6586758000076,
                  "count": 36554,
                  "is_parallel": true,
                  "self": 186.33008999999765,
                  "children": [
                    {
                      "name": "batched_step_result_from_proto",
                      "total": 0.001470599999997546,
                      "count": 1,
                      "is_parallel": true,
                      "self": 0.00021459999999606794,
                      "children": [
                        {
                          "name": "_process_vector_observation",
                          "total": 0.0012560000000014782,
                          "count": 2,
                          "is_parallel": true,
                          "self": 0.0012560000000014782
                        }
                      ]
                    },
                    {
                      "name": "UnityEnvironment.step",
                      "total": 3687.3271152000098,
                      "count": 36554,
                      "is_parallel": true,
                      "self": 6.063209699991603,
                      "children": [
                        {
                          "name": "UnityEnvironment._generate_step_input",
                          "total": 4.821630800025563,
                          "count": 36554,
                          "is_parallel": true,
                          "self": 4.821630800025563
                        },
                        {
                          "name": "communicator.exchange",
                          "total": 3655.690246199964,
                          "count": 36554,
                          "is_parallel": true,
                          "self": 3655.690246199964
                        },
                        {
                          "name": "batched_step_result_from_proto",
                          "total": 20.752028500028533,
                          "count": 36554,
                          "is_parallel": true,
                          "self": 3.168728000014756,
                          "children": [
                            {
                              "name": "_process_vector_observation",
                              "total": 17.583300500013777,
                              "count": 73108,
                              "is_parallel": true,
                              "self": 17.583300500013777
                            }
                          ]
                        }
                      ]
                    }
                  ]
                }
              ]
            }
          ]
        },
        {
          "name": "trainer_advance",
          "total": 74.02346489997707,
          "count": 36554,
          "self": 1.116747299982464,
          "children": [
            {
              "name": "process_trajectory",
              "total": 19.00694529999526,
              "count": 36554,
              "self": 19.00694529999526
            },
            {
              "name": "_update_policy",
              "total": 53.89977229999934,
              "count": 109,
              "self": 35.05530669997136,
              "children": [
                {
                  "name": "PPOPolicy.update",
                  "total": 18.84446560002798,
                  "count": 7506,
                  "self": 18.84446560002798
                }
              ]
            }
          ]
        }
      ]
    }
  ]
}