{
  "name": "root",
  "total": 28.9820237,
  "count": 1,
  "self": 9.325625999999996,
  "children": [
    {
      "name": "TrainerController.advance",
      "total": 19.656397700000003,
      "count": 1901,
      "self": 0.03287800000012808,
      "children": [
        {
          "name": "env_step",
          "total": 16.350870699999945,
          "count": 1901,
          "self": 13.982271999999934,
          "children": [
            {
              "name": "SubprocessEnvManager._take_step",
              "total": 2.337691000000034,
              "count": 1901,
              "self": 0.07990440000002685,
              "children": [
                {
                  "name": "PPOPolicy.evaluate",
                  "total": 2.2577866000000073,
                  "count": 1901,
                  "self": 2.2577866000000073
                }
              ]
            },
            {
              "name": "workers",
              "total": 0.030907699999975335,
              "count": 1900,
              "self": 0.0,
              "children": [
                {
                  "name": "worker_root",
                  "total": 27.60935649999994,
                  "count": 1900,
                  "is_parallel": true,
                  "self": 16.00027769999989,
                  "children": [
                    {
                      "name": "batched_step_result_from_proto",
                      "total": 0.0004740999999999218,
                      "count": 1,
                      "is_parallel": true,
                      "self": 0.00017229999999912593,
                      "children": [
                        {
                          "name": "_process_vector_observation",
                          "total": 0.0003018000000007959,
                          "count": 3,
                          "is_parallel": true,
                          "self": 0.0003018000000007959
                        }
                      ]
                    },
                    {
                      "name": "UnityEnvironment.step",
                      "total": 11.608604700000049,
                      "count": 1900,
                      "is_parallel": true,
                      "self": 0.34156240000007365,
                      "children": [
                        {
                          "name": "UnityEnvironment._generate_step_input",
                          "total": 0.21191010000003185,
                          "count": 1900,
                          "is_parallel": true,
                          "self": 0.21191010000003185
                        },
                        {
                          "name": "communicator.exchange",
                          "total": 9.509116199999934,
                          "count": 1900,
                          "is_parallel": true,
                          "self": 9.509116199999934
                        },
                        {
                          "name": "batched_step_result_from_proto",
                          "total": 1.5460160000000078,
                          "count": 1900,
                          "is_parallel": true,
                          "self": 0.339968200000051,
                          "children": [
                            {
                              "name": "_process_vector_observation",
                              "total": 1.2060477999999568,
                              "count": 5700,
                              "is_parallel": true,
                              "self": 1.2060477999999568
                            }
                          ]
                        }
                      ]
                    }
                  ]
                }
              ]
            }
          ]
        },
        {
          "name": "trainer_advance",
          "total": 3.272648999999932,
          "count": 1900,
          "self": 0.06496679999991706,
          "children": [
            {
              "name": "process_trajectory",
              "total": 0.6177650000000163,
              "count": 1900,
              "self": 0.6177650000000163
            },
            {
              "name": "_update_policy",
              "total": 2.5899171999999986,
              "count": 1,
              "self": 1.0650993,
              "children": [
                {
                  "name": "PPOPolicy.update",
                  "total": 1.5248178999999986,
                  "count": 15,
                  "self": 1.5248178999999986
                }
              ]
            }
          ]
        }
      ]
    }
  ]
}