{
  "name": "root",
  "gauges": [
    {
      "name": "MulakDefensiveLearning.mean_reward",
      "value": -0.2074074104980186,
      "min": -1.2166666847964127,
      "max": -0.13333333532015482,
      "count": 147
    }
  ],
  "total": 34360.0785918,
  "count": 1,
  "self": 47.32812009964982,
  "children": [
    {
      "name": "TrainerController.advance",
      "total": 34312.75047170035,
      "count": 82519,
      "self": 1.8642655992807704,
      "children": [
        {
          "name": "env_step",
          "total": 34104.01055910061,
          "count": 82519,
          "self": 34003.84576199981,
          "children": [
            {
              "name": "SubprocessEnvManager._take_step",
              "total": 98.5051588002217,
              "count": 82519,
              "self": 4.784008700545428,
              "children": [
                {
                  "name": "PPOPolicy.evaluate",
                  "total": 93.72115009967627,
                  "count": 82519,
                  "self": 93.72115009967627
                }
              ]
            },
            {
              "name": "workers",
              "total": 1.6596383005778446,
              "count": 82518,
              "self": 0.0,
              "children": [
                {
                  "name": "worker_root",
                  "total": 34355.593579800865,
                  "count": 82518,
                  "is_parallel": true,
                  "self": 485.78939940092096,
                  "children": [
                    {
                      "name": "batched_step_result_from_proto",
                      "total": 0.00815750000000115,
                      "count": 1,
                      "is_parallel": true,
                      "self": 0.00034210000000101104,
                      "children": [
                        {
                          "name": "_process_vector_observation",
                          "total": 0.007815400000000139,
                          "count": 2,
                          "is_parallel": true,
                          "self": 0.007815400000000139
                        }
                      ]
                    },
                    {
                      "name": "UnityEnvironment.step",
                      "total": 33869.79602289994,
                      "count": 82518,
                      "is_parallel": true,
                      "self": 18.235527199874923,
                      "children": [
                        {
                          "name": "UnityEnvironment._generate_step_input",
                          "total": 15.928261699914446,
                          "count": 82518,
                          "is_parallel": true,
                          "self": 15.928261699914446
                        },
                        {
                          "name": "communicator.exchange",
                          "total": 33769.625047100315,
                          "count": 82518,
                          "is_parallel": true,
                          "self": 33769.625047100315
                        },
                        {
                          "name": "batched_step_result_from_proto",
                          "total": 66.00718689984194,
                          "count": 82518,
                          "is_parallel": true,
                          "self": 8.950947199870065,
                          "children": [
                            {
                              "name": "_process_vector_observation",
                              "total": 57.056239699971876,
                              "count": 165036,
                              "is_parallel": true,
                              "self": 57.056239699971876
                            }
                          ]
                        }
                      ]
                    }
                  ]
                }
              ]
            }
          ]
        },
        {
          "name": "trainer_advance",
          "total": 206.87564700045715,
          "count": 82518,
          "self": 3.0104882010067513,
          "children": [
            {
              "name": "process_trajectory",
              "total": 58.34102719942774,
              "count": 82518,
              "self": 58.34102719942774
            },
            {
              "name": "_update_policy",
              "total": 145.52413160002266,
              "count": 328,
              "self": 82.54265799983331,
              "children": [
                {
                  "name": "PPOPolicy.update",
                  "total": 62.98147360018935,
                  "count": 16728,
                  "self": 62.98147360018935
                }
              ]
            }
          ]
        }
      ]
    }
  ]
}