{
  "name": "root",
  "gauges": [
    {
      "name": "MulakDefensiveLearning.mean_reward",
      "value": -0.22500000335276127,
      "min": -0.37500000558793545,
      "max": -0.10000000149011612,
      "count": 33
    }
  ],
  "total": 3219.5603706,
  "count": 1,
  "self": 63.05759910004144,
  "children": [
    {
      "name": "TrainerController.advance",
      "total": 3156.5027714999587,
      "count": 166697,
      "self": 3.374388899925634,
      "children": [
        {
          "name": "env_step",
          "total": 2718.090707100043,
          "count": 166697,
          "self": 2560.6248997000616,
          "children": [
            {
              "name": "SubprocessEnvManager._take_step",
              "total": 154.1358269999775,
              "count": 166697,
              "self": 8.180544700010216,
              "children": [
                {
                  "name": "PPOPolicy.evaluate",
                  "total": 145.95528229996728,
                  "count": 166697,
                  "self": 145.95528229996728
                }
              ]
            },
            {
              "name": "workers",
              "total": 3.3299804000037962,
              "count": 166697,
              "self": 0.0,
              "children": [
                {
                  "name": "worker_root",
                  "total": 3213.9278175,
                  "count": 166697,
                  "is_parallel": true,
                  "self": 894.4297066999702,
                  "children": [
                    {
                      "name": "batched_step_result_from_proto",
                      "total": 0.0013019999999999143,
                      "count": 1,
                      "is_parallel": true,
                      "self": 0.00019060000000070687,
                      "children": [
                        {
                          "name": "_process_vector_observation",
                          "total": 0.0011113999999992075,
                          "count": 3,
                          "is_parallel": true,
                          "self": 0.0011113999999992075
                        }
                      ]
                    },
                    {
                      "name": "UnityEnvironment.step",
                      "total": 2319.4968088000296,
                      "count": 166697,
                      "is_parallel": true,
                      "self": 38.02002169989055,
                      "children": [
                        {
                          "name": "UnityEnvironment._generate_step_input",
                          "total": 25.56314200002962,
                          "count": 166697,
                          "is_parallel": true,
                          "self": 25.56314200002962
                        },
                        {
                          "name": "communicator.exchange",
                          "total": 2103.8203501999674,
                          "count": 166697,
                          "is_parallel": true,
                          "self": 2103.8203501999674
                        },
                        {
                          "name": "batched_step_result_from_proto",
                          "total": 152.0932949001421,
                          "count": 166697,
                          "is_parallel": true,
                          "self": 16.49515769999053,
                          "children": [
                            {
                              "name": "_process_vector_observation",
                              "total": 135.59813720015157,
                              "count": 500091,
                              "is_parallel": true,
                              "self": 135.59813720015157
                            }
                          ]
                        }
                      ]
                    }
                  ]
                }
              ]
            }
          ]
        },
        {
          "name": "trainer_advance",
          "total": 435.0376754999901,
          "count": 166697,
          "self": 5.972132799946621,
          "children": [
            {
              "name": "process_trajectory",
              "total": 123.81259700004622,
              "count": 166697,
              "self": 123.81259700004622
            },
            {
              "name": "_update_policy",
              "total": 305.2529456999972,
              "count": 649,
              "self": 183.00638990003785,
              "children": [
                {
                  "name": "PPOPolicy.update",
                  "total": 122.24655579995937,
                  "count": 46728,
                  "self": 122.24655579995937
                }
              ]
            }
          ]
        }
      ]
    }
  ]
}