{
  "name": "root",
  "gauges": [
    {
      "name": "MulakDefensiveLearning.mean_reward",
      "value": 56.943351068727985,
      "min": -31.596622983653408,
      "max": 64.80659937728585,
      "count": 83
    }
  ],
  "total": 16268.7903615,
  "count": 1,
  "self": 134.1937841003928,
  "children": [
    {
      "name": "TrainerController.advance",
      "total": 16134.596577399607,
      "count": 416747,
      "self": 8.01084859947332,
      "children": [
        {
          "name": "env_step",
          "total": 15152.44809339985,
          "count": 416747,
          "self": 14721.60618999978,
          "children": [
            {
              "name": "SubprocessEnvManager._take_step",
              "total": 423.7289698999001,
              "count": 416747,
              "self": 19.723905300400702,
              "children": [
                {
                  "name": "PPOPolicy.evaluate",
                  "total": 404.0050645994994,
                  "count": 416747,
                  "self": 404.0050645994994
                }
              ]
            },
            {
              "name": "workers",
              "total": 7.112933500169156,
              "count": 416747,
              "self": 0.0,
              "children": [
                {
                  "name": "worker_root",
                  "total": 16255.362222799618,
                  "count": 416747,
                  "is_parallel": true,
                  "self": 2102.128113000086,
                  "children": [
                    {
                      "name": "batched_step_result_from_proto",
                      "total": 0.0016891999999995022,
                      "count": 1,
                      "is_parallel": true,
                      "self": 0.00030749999999990507,
                      "children": [
                        {
                          "name": "_process_vector_observation",
                          "total": 0.0013816999999995971,
                          "count": 3,
                          "is_parallel": true,
                          "self": 0.0013816999999995971
                        }
                      ]
                    },
                    {
                      "name": "UnityEnvironment.step",
                      "total": 14153.232420599532,
                      "count": 416747,
                      "is_parallel": true,
                      "self": 93.36072069906913,
                      "children": [
                        {
                          "name": "UnityEnvironment._generate_step_input",
                          "total": 61.651944900762125,
                          "count": 416747,
                          "is_parallel": true,
                          "self": 61.651944900762125
                        },
                        {
                          "name": "communicator.exchange",
                          "total": 13574.535172099735,
                          "count": 416747,
                          "is_parallel": true,
                          "self": 13574.535172099735
                        },
                        {
                          "name": "batched_step_result_from_proto",
                          "total": 423.6845828999647,
                          "count": 416747,
                          "is_parallel": true,
                          "self": 85.48312690032287,
                          "children": [
                            {
                              "name": "_process_vector_observation",
                              "total": 338.20145599964184,
                              "count": 1250241,
                              "is_parallel": true,
                              "self": 338.20145599964184
                            }
                          ]
                        }
                      ]
                    }
                  ]
                }
              ]
            }
          ]
        },
        {
          "name": "trainer_advance",
          "total": 974.1376354002848,
          "count": 416747,
          "self": 13.851808800008484,
          "children": [
            {
              "name": "process_trajectory",
              "total": 320.34632810027387,
              "count": 416747,
              "self": 320.34632810027387
            },
            {
              "name": "_update_policy",
              "total": 639.9394985000025,
              "count": 120,
              "self": 415.6084728000126,
              "children": [
                {
                  "name": "PPOPolicy.update",
                  "total": 224.3310256999899,
                  "count": 3600,
                  "self": 224.3310256999899
                }
              ]
            }
          ]
        }
      ]
    }
  ]
}