{
  "name": "root",
  "gauges": [
    {
      "name": "PhaorisLearning.mean_reward",
      "value": 0.9487410905063449,
      "min": 0.3574219078407168,
      "max": 1.2986997051825127,
      "count": 300
    }
  ],
  "total": 4741.4601234,
  "count": 1,
  "self": 108.41021459987678,
  "children": [
    {
      "name": "TrainerController.advance",
      "total": 4633.049908800123,
      "count": 333409,
      "self": 6.074354600422339,
      "children": [
        {
          "name": "env_step",
          "total": 3867.6720169997666,
          "count": 333409,
          "self": 3504.412255699838,
          "children": [
            {
              "name": "SubprocessEnvManager._take_step",
              "total": 357.71327879986825,
              "count": 333409,
              "self": 14.96592619985995,
              "children": [
                {
                  "name": "PPOPolicy.evaluate",
                  "total": 342.7473526000083,
                  "count": 333409,
                  "self": 342.7473526000083
                }
              ]
            },
            {
              "name": "workers",
              "total": 5.54648250006042,
              "count": 333409,
              "self": 0.0,
              "children": [
                {
                  "name": "worker_root",
                  "total": 4731.721079199872,
                  "count": 333409,
                  "is_parallel": true,
                  "self": 1649.3528580999482,
                  "children": [
                    {
                      "name": "batched_step_result_from_proto",
                      "total": 0.0007654999999999745,
                      "count": 1,
                      "is_parallel": true,
                      "self": 0.00011029999999934148,
                      "children": [
                        {
                          "name": "_process_vector_observation",
                          "total": 0.000655200000000633,
                          "count": 5,
                          "is_parallel": true,
                          "self": 0.000655200000000633
                        }
                      ]
                    },
                    {
                      "name": "UnityEnvironment.step",
                      "total": 3082.367455599924,
                      "count": 333409,
                      "is_parallel": true,
                      "self": 61.54998640009944,
                      "children": [
                        {
                          "name": "UnityEnvironment._generate_step_input",
                          "total": 44.99132809992147,
                          "count": 333409,
                          "is_parallel": true,
                          "self": 44.99132809992147
                        },
                        {
                          "name": "communicator.exchange",
                          "total": 2706.8661571999764,
                          "count": 333409,
                          "is_parallel": true,
                          "self": 2706.8661571999764
                        },
                        {
                          "name": "batched_step_result_from_proto",
                          "total": 268.9599838999269,
                          "count": 333409,
                          "is_parallel": true,
                          "self": 34.85931030002661,
                          "children": [
                            {
                              "name": "_process_vector_observation",
                              "total": 234.1006735999003,
                              "count": 1667045,
                              "is_parallel": true,
                              "self": 234.1006735999003
                            }
                          ]
                        }
                      ]
                    }
                  ]
                }
              ]
            }
          ]
        },
        {
          "name": "trainer_advance",
          "total": 759.3035371999345,
          "count": 333409,
          "self": 17.072937399950206,
          "children": [
            {
              "name": "process_trajectory",
              "total": 172.12757819998427,
              "count": 333409,
              "self": 172.12757819998427
            },
            {
              "name": "_update_policy",
              "total": 570.1030215999999,
              "count": 289,
              "self": 267.6830116000148,
              "children": [
                {
                  "name": "PPOPolicy.update",
                  "total": 302.4200099999851,
                  "count": 4335,
                  "self": 302.4200099999851
                }
              ]
            }
          ]
        }
      ]
    }
  ]
}