{
  "name": "root",
  "gauges": [
    {
      "name": "PhaorisLearning.mean_reward",
      "value": 2.38006931649943,
      "min": -0.08403490504901533,
      "max": 10.627026124027907,
      "count": 259
    }
  ],
  "total": 7216.804334,
  "count": 1,
  "self": 208.9594375998331,
  "children": [
    {
      "name": "TrainerController.advance",
      "total": 7007.844896400167,
      "count": 647452,
      "self": 12.161525299950881,
      "children": [
        {
          "name": "env_step",
          "total": 6340.042389500063,
          "count": 647452,
          "self": 5647.310175699444,
          "children": [
            {
              "name": "SubprocessEnvManager._take_step",
              "total": 681.5769262005352,
              "count": 647452,
              "self": 27.383880200770932,
              "children": [
                {
                  "name": "PPOPolicy.evaluate",
                  "total": 654.1930459997643,
                  "count": 647452,
                  "self": 654.1930459997643
                }
              ]
            },
            {
              "name": "workers",
              "total": 11.155287600083874,
              "count": 647452,
              "self": 0.0,
              "children": [
                {
                  "name": "worker_root",
                  "total": 7196.457194400069,
                  "count": 647452,
                  "is_parallel": true,
                  "self": 2326.0505388000065,
                  "children": [
                    {
                      "name": "batched_step_result_from_proto",
                      "total": 0.0014408999999995231,
                      "count": 1,
                      "is_parallel": true,
                      "self": 0.00021379999999915356,
                      "children": [
                        {
                          "name": "_process_vector_observation",
                          "total": 0.0012271000000003696,
                          "count": 5,
                          "is_parallel": true,
                          "self": 0.0012271000000003696
                        }
                      ]
                    },
                    {
                      "name": "UnityEnvironment.step",
                      "total": 4870.405214700063,
                      "count": 647452,
                      "is_parallel": true,
                      "self": 93.87908349953705,
                      "children": [
                        {
                          "name": "UnityEnvironment._generate_step_input",
                          "total": 67.70504920002068,
                          "count": 647452,
                          "is_parallel": true,
                          "self": 67.70504920002068
                        },
                        {
                          "name": "communicator.exchange",
                          "total": 4329.050788500419,
                          "count": 647452,
                          "is_parallel": true,
                          "self": 4329.050788500419
                        },
                        {
                          "name": "batched_step_result_from_proto",
                          "total": 379.77029350008644,
                          "count": 647452,
                          "is_parallel": true,
                          "self": 65.76009360054621,
                          "children": [
                            {
                              "name": "_process_vector_observation",
                              "total": 314.0101998995402,
                              "count": 3237260,
                              "is_parallel": true,
                              "self": 314.0101998995402
                            }
                          ]
                        }
                      ]
                    }
                  ]
                }
              ]
            }
          ]
        },
        {
          "name": "trainer_advance",
          "total": 655.6409816001534,
          "count": 647452,
          "self": 24.697587900323583,
          "children": [
            {
              "name": "process_trajectory",
              "total": 139.7551740998196,
              "count": 647452,
              "self": 139.7551740998196
            },
            {
              "name": "_update_policy",
              "total": 491.18821960001014,
              "count": 249,
              "self": 225.13668190005632,
              "children": [
                {
                  "name": "PPOPolicy.update",
                  "total": 266.0515376999538,
                  "count": 3735,
                  "self": 266.0515376999538
                }
              ]
            }
          ]
        }
      ]
    }
  ]
}