{
  "name": "root",
  "gauges": [
    {
      "name": "PhaorisLearning_PPO.mean_reward",
      "value": 2.2570120474160453,
      "min": 0.5797451093214553,
      "max": 4.4094749772473465,
      "count": 83
    }
  ],
  "total": 8340.1755274,
  "count": 1,
  "self": 130.62733859999753,
  "children": [
    {
      "name": "demo_to_buffer",
      "total": 8.313490499999999,
      "count": 2,
      "self": 0.031770599999997984,
      "children": [
        {
          "name": "load_demonstration",
          "total": 0.13421850000000113,
          "count": 2,
          "self": 0.12657450000000203,
          "children": [
            {
              "name": "read_file",
              "total": 0.007643999999999096,
              "count": 2,
              "self": 0.007643999999999096
            }
          ]
        },
        {
          "name": "make_demo_buffer",
          "total": 8.1475014,
          "count": 2,
          "self": 1.2829081000002311,
          "children": [
            {
              "name": "batched_step_result_from_proto",
              "total": 6.864593299999768,
              "count": 34472,
              "self": 1.5371081999998282,
              "children": [
                {
                  "name": "_process_vector_observation",
                  "total": 5.32748509999994,
                  "count": 172360,
                  "self": 5.32748509999994
                }
              ]
            }
          ]
        }
      ]
    },
    {
      "name": "TrainerController.advance",
      "total": 8201.234698300002,
      "count": 416619,
      "self": 8.442863500160456,
      "children": [
        {
          "name": "env_step",
          "total": 6153.591085599908,
          "count": 416619,
          "self": 5582.5939702998285,
          "children": [
            {
              "name": "SubprocessEnvManager._take_step",
              "total": 564.1266612000202,
              "count": 416619,
              "self": 20.416260600443934,
              "children": [
                {
                  "name": "PPOPolicy.evaluate",
                  "total": 543.7104005995762,
                  "count": 416619,
                  "self": 543.7104005995762
                }
              ]
            },
            {
              "name": "workers",
              "total": 6.870454100059455,
              "count": 416619,
              "self": 0.0,
              "children": [
                {
                  "name": "worker_root",
                  "total": 8326.98447059994,
                  "count": 416619,
                  "is_parallel": true,
                  "self": 3289.475295900683,
                  "children": [
                    {
                      "name": "batched_step_result_from_proto",
                      "total": 0.0044306000000009504,
                      "count": 1,
                      "is_parallel": true,
                      "self": 0.000154300000001939,
                      "children": [
                        {
                          "name": "_process_vector_observation",
                          "total": 0.0042762999999990114,
                          "count": 5,
                          "is_parallel": true,
                          "self": 0.0042762999999990114
                        }
                      ]
                    },
                    {
                      "name": "UnityEnvironment.step",
                      "total": 5037.504744099258,
                      "count": 416619,
                      "is_parallel": true,
                      "self": 101.72536399915134,
                      "children": [
                        {
                          "name": "UnityEnvironment._generate_step_input",
                          "total": 70.13271800033615,
                          "count": 416619,
                          "is_parallel": true,
                          "self": 70.13271800033615
                        },
                        {
                          "name": "communicator.exchange",
                          "total": 4451.71022779981,
                          "count": 416619,
                          "is_parallel": true,
                          "self": 4451.71022779981
                        },
                        {
                          "name": "batched_step_result_from_proto",
                          "total": 413.93643429995933,
                          "count": 416619,
                          "is_parallel": true,
                          "self": 47.311188299969274,
                          "children": [
                            {
                              "name": "_process_vector_observation",
                              "total": 366.62524599999006,
                              "count": 2083095,
                              "is_parallel": true,
                              "self": 366.62524599999006
                            }
                          ]
                        }
                      ]
                    }
                  ]
                }
              ]
            }
          ]
        },
        {
          "name": "trainer_advance",
          "total": 2039.2007491999339,
          "count": 416619,
          "self": 14.247701099664482,
          "children": [
            {
              "name": "process_trajectory",
              "total": 357.1632520002722,
              "count": 416619,
              "self": 357.1632520002722
            },
            {
              "name": "_update_policy",
              "total": 1667.7897960999971,
              "count": 185,
              "self": 492.3977894000609,
              "children": [
                {
                  "name": "PPOPolicy.update",
                  "total": 1175.3920066999362,
                  "count": 58446,
                  "self": 1175.3920066999362
                }
              ]
            }
          ]
        }
      ]
    }
  ]
}