{
  "name": "root",
  "gauges": [
    {
      "name": "PhaorisLearning.mean_reward",
      "value": 0.8731741154932209,
      "min": -0.6588968935677713,
      "max": 1.5889480683243846,
      "count": 187
    }
  ],
  "total": 7182.9200566,
  "count": 1,
  "self": 201.7543820998535,
  "children": [
    {
      "name": "TrainerController.advance",
      "total": 6981.165674500146,
      "count": 542412,
      "self": 11.172515700211989,
      "children": [
        {
          "name": "env_step",
          "total": 5623.140118000015,
          "count": 542412,
          "self": 4962.300715400027,
          "children": [
            {
              "name": "SubprocessEnvManager._take_step",
              "total": 651.0389406000866,
              "count": 542412,
              "self": 27.75748719982539,
              "children": [
                {
                  "name": "PPOPolicy.evaluate",
                  "total": 623.2814534002612,
                  "count": 542412,
                  "self": 623.2814534002612
                }
              ]
            },
            {
              "name": "workers",
              "total": 9.800461999901392,
              "count": 542412,
              "self": 0.0,
              "children": [
                {
                  "name": "worker_root",
                  "total": 7165.023457799949,
                  "count": 542412,
                  "is_parallel": true,
                  "self": 2973.814849500056,
                  "children": [
                    {
                      "name": "batched_step_result_from_proto",
                      "total": 0.0009072999999997222,
                      "count": 1,
                      "is_parallel": true,
                      "self": 0.00013949999999773866,
                      "children": [
                        {
                          "name": "_process_vector_observation",
                          "total": 0.0007678000000019836,
                          "count": 5,
                          "is_parallel": true,
                          "self": 0.0007678000000019836
                        }
                      ]
                    },
                    {
                      "name": "UnityEnvironment.step",
                      "total": 4191.207700999893,
                      "count": 542412,
                      "is_parallel": true,
                      "self": 114.91854160006869,
                      "children": [
                        {
                          "name": "UnityEnvironment._generate_step_input",
                          "total": 83.60138789993148,
                          "count": 542412,
                          "is_parallel": true,
                          "self": 83.60138789993148
                        },
                        {
                          "name": "communicator.exchange",
                          "total": 3496.851909800048,
                          "count": 542412,
                          "is_parallel": true,
                          "self": 3496.851909800048
                        },
                        {
                          "name": "batched_step_result_from_proto",
                          "total": 495.83586169984494,
                          "count": 542412,
                          "is_parallel": true,
                          "self": 65.05930200045998,
                          "children": [
                            {
                              "name": "_process_vector_observation",
                              "total": 430.77655969938496,
                              "count": 2712060,
                              "is_parallel": true,
                              "self": 430.77655969938496
                            }
                          ]
                        }
                      ]
                    }
                  ]
                }
              ]
            }
          ]
        },
        {
          "name": "trainer_advance",
          "total": 1346.8530407999194,
          "count": 542412,
          "self": 19.97647159976009,
          "children": [
            {
              "name": "process_trajectory",
              "total": 289.6814665001648,
              "count": 542412,
              "self": 289.6814665001648
            },
            {
              "name": "_update_policy",
              "total": 1037.1951026999945,
              "count": 433,
              "self": 525.7288291999948,
              "children": [
                {
                  "name": "PPOPolicy.update",
                  "total": 511.46627349999966,
                  "count": 6495,
                  "self": 511.46627349999966
                }
              ]
            }
          ]
        }
      ]
    }
  ]
}