{
  "name": "root",
  "gauges": [
    {
      "name": "PhaorisLearning.mean_reward",
      "value": 8.224426202134055,
      "min": -0.8015680515673012,
      "max": 17.32692728812981,
      "count": 121
    }
  ],
  "total": 2904.7181675,
  "count": 1,
  "self": 99.71771809993425,
  "children": [
    {
      "name": "TrainerController.advance",
      "total": 2805.000449400066,
      "count": 305534,
      "self": 5.593478699965999,
      "children": [
        {
          "name": "env_step",
          "total": 2463.851069700021,
          "count": 305534,
          "self": 2144.72938009998,
          "children": [
            {
              "name": "SubprocessEnvManager._take_step",
              "total": 313.9434930000469,
              "count": 305534,
              "self": 12.281424500165997,
              "children": [
                {
                  "name": "PPOPolicy.evaluate",
                  "total": 301.6620684998809,
                  "count": 305534,
                  "self": 301.6620684998809
                }
              ]
            },
            {
              "name": "workers",
              "total": 5.178196599994226,
              "count": 305533,
              "self": 0.0,
              "children": [
                {
                  "name": "worker_root",
                  "total": 2895.3303504999076,
                  "count": 305533,
                  "is_parallel": true,
                  "self": 1107.5044783999133,
                  "children": [
                    {
                      "name": "batched_step_result_from_proto",
                      "total": 0.0006112000000007001,
                      "count": 1,
                      "is_parallel": true,
                      "self": 9.47000000008913e-05,
                      "children": [
                        {
                          "name": "_process_vector_observation",
                          "total": 0.0005164999999998088,
                          "count": 5,
                          "is_parallel": true,
                          "self": 0.0005164999999998088
                        }
                      ]
                    },
                    {
                      "name": "UnityEnvironment.step",
                      "total": 1787.8252608999942,
                      "count": 305533,
                      "is_parallel": true,
                      "self": 40.67915410002411,
                      "children": [
                        {
                          "name": "UnityEnvironment._generate_step_input",
                          "total": 29.788624899973655,
                          "count": 305533,
                          "is_parallel": true,
                          "self": 29.788624899973655
                        },
                        {
                          "name": "communicator.exchange",
                          "total": 1546.2417769999934,
                          "count": 305533,
                          "is_parallel": true,
                          "self": 1546.2417769999934
                        },
                        {
                          "name": "batched_step_result_from_proto",
                          "total": 171.1157049000031,
                          "count": 305533,
                          "is_parallel": true,
                          "self": 29.61534580022709,
                          "children": [
                            {
                              "name": "_process_vector_observation",
                              "total": 141.500359099776,
                              "count": 1527665,
                              "is_parallel": true,
                              "self": 141.500359099776
                            }
                          ]
                        }
                      ]
                    }
                  ]
                }
              ]
            }
          ]
        },
        {
          "name": "trainer_advance",
          "total": 335.55590100007873,
          "count": 305533,
          "self": 11.803658300033874,
          "children": [
            {
              "name": "process_trajectory",
              "total": 65.46299620004443,
              "count": 305533,
              "self": 65.46299620004443
            },
            {
              "name": "_update_policy",
              "total": 258.28924650000044,
              "count": 117,
              "self": 127.83101450000194,
              "children": [
                {
                  "name": "PPOPolicy.update",
                  "total": 130.4582319999985,
                  "count": 1755,
                  "self": 130.4582319999985
                }
              ]
            }
          ]
        }
      ]
    }
  ]
}