Steps,Policy/Extrinsic Value Estimate,Policy/Entropy,Policy/Learning Rate,Environment/Cumulative Reward,Environment/Episode Length,Policy/Extrinsic Reward
60000,-0.1418631,1.4189385,0.00029373704,-2.57578253646534,4981.0,-2.6933510760374535
65000,-0.13693132,1.4189383,0.00029316134,None,None,-1.282528264215216
70000,-0.13648036,1.4189385,0.00029247868,None,None,None
75000,-0.1342193,1.4189385,0.0002919667,None,None,None
80000,-0.11700318,1.4189385,0.0002914547,None,None,None
85000,-0.114244424,1.4189385,0.000290772,None,None,None
90000,-0.11107592,1.4189385,0.00029026,None,None,None
