{
  "name": "root",
  "gauges": [
    {
      "name": "PhaorisLearning_SAC.mean_reward",
      "value": 0.3748556343514634,
      "min": -3.3957851794548333,
      "max": 56.03604411147535,
      "count": 302
    }
  ],
  "total": 3984.0455749000002,
  "count": 1,
  "self": 63.43870410008685,
  "children": [
    {
      "name": "TrainerController.advance",
      "total": 3920.6068707999134,
      "count": 166757,
      "self": 3.2567398000687717,
      "children": [
        {
          "name": "env_step",
          "total": 2700.1076230999324,
          "count": 166757,
          "self": 2529.32021459995,
          "children": [
            {
              "name": "SubprocessEnvManager._take_step",
              "total": 167.77121050002464,
              "count": 166757,
              "self": 167.77121050002464
            },
            {
              "name": "workers",
              "total": 3.0161979999579973,
              "count": 166757,
              "self": 0.0,
              "children": [
                {
                  "name": "worker_root",
                  "total": 3978.0330731001027,
                  "count": 166757,
                  "is_parallel": true,
                  "self": 1688.0439021001353,
                  "children": [
                    {
                      "name": "batched_step_result_from_proto",
                      "total": 0.0011030000000005202,
                      "count": 1,
                      "is_parallel": true,
                      "self": 0.0001275000000013904,
                      "children": [
                        {
                          "name": "_process_vector_observation",
                          "total": 0.0009754999999991298,
                          "count": 5,
                          "is_parallel": true,
                          "self": 0.0009754999999991298
                        }
                      ]
                    },
                    {
                      "name": "UnityEnvironment.step",
                      "total": 2289.9880679999674,
                      "count": 166757,
                      "is_parallel": true,
                      "self": 40.37030679982672,
                      "children": [
                        {
                          "name": "UnityEnvironment._generate_step_input",
                          "total": 27.714252700065696,
                          "count": 166757,
                          "is_parallel": true,
                          "self": 27.714252700065696
                        },
                        {
                          "name": "communicator.exchange",
                          "total": 2046.0692823999577,
                          "count": 166757,
                          "is_parallel": true,
                          "self": 2046.0692823999577
                        },
                        {
                          "name": "batched_step_result_from_proto",
                          "total": 175.83422610011706,
                          "count": 166757,
                          "is_parallel": true,
                          "self": 19.604701100209383,
                          "children": [
                            {
                              "name": "_process_vector_observation",
                              "total": 156.22952499990768,
                              "count": 833785,
                              "is_parallel": true,
                              "self": 156.22952499990768
                            }
                          ]
                        }
                      ]
                    }
                  ]
                }
              ]
            }
          ]
        },
        {
          "name": "trainer_advance",
          "total": 1217.242507899912,
          "count": 166757,
          "self": 12.420355099851122,
          "children": [
            {
              "name": "process_trajectory",
              "total": 104.77318150000725,
              "count": 166757,
              "self": 104.77318150000725
            },
            {
              "name": "_update_policy",
              "total": 1100.0489713000536,
              "count": 166501,
              "self": 1.8718273001225043,
              "children": [
                {
                  "name": "SACTrainer._update_policy",
                  "total": 1098.177143999931,
                  "count": 166501,
                  "self": 509.13312259994484,
                  "children": [
                    {
                      "name": "SACPolicy.update",
                      "total": 589.0440213999863,
                      "count": 33698,
                      "self": 589.0440213999863
                    }
                  ]
                }
              ]
            }
          ]
        }
      ]
    }
  ]
}