{
  "name": "root",
  "gauges": [
    {
      "name": "PhaorisLearning_PPO.mean_reward",
      "value": 28.965346408352502,
      "min": 16.86723216112811,
      "max": 30.82508237479408,
      "count": 83
    }
  ],
  "total": 9007.3828447,
  "count": 1,
  "self": 136.62440189989502,
  "children": [
    {
      "name": "demo_to_buffer",
      "total": 8.372378099999999,
      "count": 2,
      "self": 0.0318482999999965,
      "children": [
        {
          "name": "load_demonstration",
          "total": 0.12871170000000198,
          "count": 2,
          "self": 0.12031810000000398,
          "children": [
            {
              "name": "read_file",
              "total": 0.008393599999998003,
              "count": 2,
              "self": 0.008393599999998003
            }
          ]
        },
        {
          "name": "make_demo_buffer",
          "total": 8.2118181,
          "count": 2,
          "self": 1.2728060000002142,
          "children": [
            {
              "name": "batched_step_result_from_proto",
              "total": 6.939012099999786,
              "count": 34612,
              "self": 1.5769596000002295,
              "children": [
                {
                  "name": "_process_vector_observation",
                  "total": 5.362052499999557,
                  "count": 173060,
                  "self": 5.362052499999557
                }
              ]
            }
          ]
        }
      ]
    },
    {
      "name": "TrainerController.advance",
      "total": 8862.386064700104,
      "count": 416619,
      "self": 8.666632700109403,
      "children": [
        {
          "name": "env_step",
          "total": 6725.507469299977,
          "count": 416619,
          "self": 6109.8024077000355,
          "children": [
            {
              "name": "SubprocessEnvManager._take_step",
              "total": 608.5061237997854,
              "count": 416619,
              "self": 21.36872839958619,
              "children": [
                {
                  "name": "PPOPolicy.evaluate",
                  "total": 587.1373954001992,
                  "count": 416619,
                  "self": 587.1373954001992
                }
              ]
            },
            {
              "name": "workers",
              "total": 7.198937800155594,
              "count": 416619,
              "self": 0.0,
              "children": [
                {
                  "name": "worker_root",
                  "total": 8993.83639350004,
                  "count": 416619,
                  "is_parallel": true,
                  "self": 3457.9676789001123,
                  "children": [
                    {
                      "name": "batched_step_result_from_proto",
                      "total": 0.0010436000000009216,
                      "count": 1,
                      "is_parallel": true,
                      "self": 0.00015330000000091104,
                      "children": [
                        {
                          "name": "_process_vector_observation",
                          "total": 0.0008903000000000105,
                          "count": 5,
                          "is_parallel": true,
                          "self": 0.0008903000000000105
                        }
                      ]
                    },
                    {
                      "name": "UnityEnvironment.step",
                      "total": 5535.867670999927,
                      "count": 416619,
                      "is_parallel": true,
                      "self": 105.29372009928011,
                      "children": [
                        {
                          "name": "UnityEnvironment._generate_step_input",
                          "total": 68.99093470037863,
                          "count": 416619,
                          "is_parallel": true,
                          "self": 68.99093470037863
                        },
                        {
                          "name": "communicator.exchange",
                          "total": 4931.110785800373,
                          "count": 416619,
                          "is_parallel": true,
                          "self": 4931.110785800373
                        },
                        {
                          "name": "batched_step_result_from_proto",
                          "total": 430.4722303998949,
                          "count": 416619,
                          "is_parallel": true,
                          "self": 49.64829299954124,
                          "children": [
                            {
                              "name": "_process_vector_observation",
                              "total": 380.82393740035366,
                              "count": 2083095,
                              "is_parallel": true,
                              "self": 380.82393740035366
                            }
                          ]
                        }
                      ]
                    }
                  ]
                }
              ]
            }
          ]
        },
        {
          "name": "trainer_advance",
          "total": 2128.2119627000166,
          "count": 416619,
          "self": 14.232441799757908,
          "children": [
            {
              "name": "process_trajectory",
              "total": 314.9450957002616,
              "count": 416619,
              "self": 314.9450957002616
            },
            {
              "name": "_update_policy",
              "total": 1799.0344251999968,
              "count": 185,
              "self": 494.75078689995985,
              "children": [
                {
                  "name": "PPOPolicy.update",
                  "total": 1304.283638300037,
                  "count": 58446,
                  "self": 1304.283638300037
                }
              ]
            }
          ]
        }
      ]
    }
  ]
}