{
  "name": "root",
  "gauges": [
    {
      "name": "PhaorisLearning.mean_reward",
      "value": 1.7241733301799862,
      "min": 1.6099038473276273,
      "max": 1.9023333235678173,
      "count": 150
    }
  ],
  "total": 2546.1647401,
  "count": 1,
  "self": 67.39664960001073,
  "children": [
    {
      "name": "TrainerController.advance",
      "total": 2478.7680904999893,
      "count": 166719,
      "self": 3.2109109999951215,
      "children": [
        {
          "name": "env_step",
          "total": 2060.4287897000045,
          "count": 166719,
          "self": 1855.7700661999252,
          "children": [
            {
              "name": "SubprocessEnvManager._take_step",
              "total": 201.695154800064,
              "count": 166719,
              "self": 8.158611200071618,
              "children": [
                {
                  "name": "PPOPolicy.evaluate",
                  "total": 193.53654359999237,
                  "count": 166719,
                  "self": 193.53654359999237
                }
              ]
            },
            {
              "name": "workers",
              "total": 2.9635687000153883,
              "count": 166719,
              "self": 0.0,
              "children": [
                {
                  "name": "worker_root",
                  "total": 2539.895080400022,
                  "count": 166719,
                  "is_parallel": true,
                  "self": 917.0490578000222,
                  "children": [
                    {
                      "name": "batched_step_result_from_proto",
                      "total": 0.005246500000000154,
                      "count": 1,
                      "is_parallel": true,
                      "self": 0.0003122999999991549,
                      "children": [
                        {
                          "name": "_process_vector_observation",
                          "total": 0.004934200000000999,
                          "count": 5,
                          "is_parallel": true,
                          "self": 0.004934200000000999
                        }
                      ]
                    },
                    {
                      "name": "UnityEnvironment.step",
                      "total": 1622.8407760999996,
                      "count": 166719,
                      "is_parallel": true,
                      "self": 32.86531690005131,
                      "children": [
                        {
                          "name": "UnityEnvironment._generate_step_input",
                          "total": 25.16322129999766,
                          "count": 166719,
                          "is_parallel": true,
                          "self": 25.16322129999766
                        },
                        {
                          "name": "communicator.exchange",
                          "total": 1421.2169058999652,
                          "count": 166719,
                          "is_parallel": true,
                          "self": 1421.2169058999652
                        },
                        {
                          "name": "batched_step_result_from_proto",
                          "total": 143.59533199998535,
                          "count": 166719,
                          "is_parallel": true,
                          "self": 18.498955699929496,
                          "children": [
                            {
                              "name": "_process_vector_observation",
                              "total": 125.09637630005585,
                              "count": 833595,
                              "is_parallel": true,
                              "self": 125.09637630005585
                            }
                          ]
                        }
                      ]
                    }
                  ]
                }
              ]
            }
          ]
        },
        {
          "name": "trainer_advance",
          "total": 415.12838979998975,
          "count": 166719,
          "self": 8.970337599988568,
          "children": [
            {
              "name": "process_trajectory",
              "total": 96.92679500000193,
              "count": 166719,
              "self": 96.92679500000193
            },
            {
              "name": "_update_policy",
              "total": 309.2312571999993,
              "count": 144,
              "self": 144.42352900000006,
              "children": [
                {
                  "name": "PPOPolicy.update",
                  "total": 164.80772819999922,
                  "count": 2160,
                  "self": 164.80772819999922
                }
              ]
            }
          ]
        }
      ]
    }
  ]
}