{"count":1,"gauges":{"GalvadonEatLearning.CumulativeReward":{"count":16,"max":1.49921942,"min":1.39249587,"value":1.49886441,"weightedAverage":1.49163759}},"self":21.9240368,"total":27.6875155,"children":{"AgentSendState":{"count":1371,"self":0.1805946,"total":0.2162932,"children":{"CollectObservations":{"count":1371,"self":0.0356986,"total":0.0356986,"children":null}}},"DecideAction":{"count":1371,"self":5.2566488,"total":5.4657284,"children":{"RayPerceptionSensor.Perceive":{"count":1371,"self":0.2090795,"total":0.2090795,"children":null}}},"AgentAct":{"count":1371,"self":0.0804599,"total":0.0804599,"children":null}}}