{"count":1,"gauges":{"Heliosv3Learning.CumulativeReward":{"count":4,"max":6.00739956,"min":-2.73479,"value":-2.73479,"weightedAverage":1.29247236}},"self":109.3523712,"total":112.40573669999999,"children":{"AgentSendState":{"count":1525,"self":0.0910916,"total":0.1417182,"children":{"CollectObservations":{"count":2804,"self":0.0506266,"total":0.0506266,"children":null}}},"DecideAction":{"count":1525,"self":2.6492486,"total":2.8665339999999997,"children":{"RayPerceptionSensor.Perceive":{"count":5608,"self":0.2172854,"total":0.2172854,"children":null}}},"AgentAct":{"count":1525,"self":0.042124499999999995,"total":0.042124499999999995,"children":null}}}