{"count":1,"gauges":{},"self":0.1087079,"total":0.11070289999999999,"children":null}