{"count":1,"gauges":{"MulakLearning.CumulativeReward":{"count":3,"max":0.533233941,"min":0.188862726,"value":0.188862726,"weightedAverage":0.405542523},"Heliosv3Learning.CumulativeReward":{"count":3,"max":23.3167782,"min":7.66170835,"value":23.3167782,"weightedAverage":12.0993214},"Galvadon2Learning.CumulativeReward":{"count":8,"max":13.1279755,"min":5.718849,"value":5.718849,"weightedAverage":7.649557}},"self":44.4448064,"total":52.6382207,"children":{"AgentSendState":{"count":2627,"self":0.19375789999999998,"total":0.2851378,"children":{"CollectObservations":{"count":5736,"self":0.0913799,"total":0.0913799,"children":null}}},"DecideAction":{"count":2627,"self":7.3070032,"total":7.8563944999999995,"children":{"RayPerceptionSensor.Perceive":{"count":8648,"self":0.54939149999999992,"total":0.54939149999999992,"children":null}}},"AgentAct":{"count":2627,"self":0.0498871,"total":0.0498871,"children":null}}}