{"count":1,"gauges":{"Heliosv3Learning.CumulativeReward":{"count":1,"max":-0.9000001,"min":-0.9000001,"value":-0.9000001,"weightedAverage":-0.9000001}},"self":31.3953952,"total":36.863504,"children":{"AgentSendState":{"count":1840,"self":0.17222179999999998,"total":0.2519917,"children":{"CollectObservations":{"count":5575,"self":0.079769899999999991,"total":0.079769899999999991,"children":null}}},"DecideAction":{"count":1840,"self":4.3424407999999994,"total":5.1393588999999995,"children":{"RayPerceptionSensor.Perceive":{"count":11150,"self":0.796918,"total":0.796918,"children":null}}},"AgentAct":{"count":1840,"self":0.074764799999999992,"total":0.074764799999999992,"children":null}}}