{"count":1,"gauges":{},"self":15.260430399999999,"total":21.1432295,"children":{"AgentSendState":{"count":1007,"self":0.09937689999999999,"total":0.1735206,"children":{"CollectObservations":{"count":12895,"self":0.074143699999999993,"total":0.074143699999999993,"children":null}}},"DecideAction":{"count":1007,"self":4.911948,"total":5.641772,"children":{"RayPerceptionSensor.Perceive":{"count":18741,"self":0.7298241,"total":0.7298241,"children":null}}},"AgentAct":{"count":1007,"self":0.0665093,"total":0.0665093,"children":null}}}