{"count":1,"gauges":{"MulakDefensiveLearning.CumulativeReward":{"count":20,"max":0,"min":0,"value":0,"weightedAverage":0}},"self":80.0808832,"total":96.681147599999989,"children":{"AgentSendState":{"count":4506,"self":1.1252666,"total":1.6691688999999998,"children":{"CollectObservations":{"count":30609,"self":0.5439023,"total":0.5439023,"children":null}}},"DecideAction":{"count":4506,"self":10.9553136,"total":14.7422278,"children":{"RayPerceptionSensor.Perceive":{"count":61218,"self":3.7869143999999997,"total":3.7869143999999997,"children":null}}},"AgentAct":{"count":4506,"self":0.1848753,"total":0.1848753,"children":null}}}