{"count":1,"gauges":{},"self":42.0410336,"total":42.045012,"children":{"AgentSendState":{"count":146,"self":0.0009976,"total":0.0009976,"children":null},"DecideAction":{"count":146,"self":0.0009922,"total":0.0009922,"children":null},"AgentAct":{"count":146,"self":0.00099089999999999985,"total":0.00099089999999999985,"children":null}}}