{"count":1,"gauges":{"Heliosv3Learning.CumulativeReward":{"count":9,"max":11.1227722,"min":3.875165,"value":10.4407282,"weightedAverage":8.136217}},"self":21.316052799999998,"total":26.6035011,"children":{"AgentSendState":{"count":1273,"self":0.23871119999999998,"total":0.36879809999999996,"children":{"CollectObservations":{"count":8443,"self":0.1300869,"total":0.1300869,"children":null}}},"DecideAction":{"count":1273,"self":4.2253159999999994,"total":4.8182933,"children":{"RayPerceptionSensor.Perceive":{"count":16886,"self":0.59297709999999992,"total":0.59297709999999992,"children":null}}},"AgentAct":{"count":1273,"self":0.096366899999999991,"total":0.096366899999999991,"children":null}}}