{"count":1,"gauges":{"PhaorisLearning.CumulativeReward":{"count":610,"max":80.96029,"min":-1.29262006,"value":5.57039547,"weightedAverage":6.248368}},"self":651.15013119999992,"total":2898.4462614999998,"children":{"AgentSendState":{"count":305551,"self":70.6011584,"total":376.0259572,"children":{"CollectObservations":{"count":2444408,"self":35.992799999999995,"total":35.9928007,"children":null},"AgentInfo.ToProto":{"count":1222204,"self":30.077327999999998,"total":269.4319996,"children":{"GenerateSensorData":{"count":1222204,"self":99.737215999999989,"total":239.354673,"children":{"RayPerceptionSensor.Perceive":{"count":4888816,"self":139.61745919999998,"total":139.6174584,"children":null}}}}}}},"DecideAction":{"count":305551,"self":1849.4982143999998,"total":1849.4981865,"children":null},"AgentAct":{"count":305551,"self":21.6264224,"total":21.626422599999998,"children":null},"AgentInfo.ToProto":{"count":610,"self":0.019080899999999998,"total":0.1445501,"children":{"GenerateSensorData":{"count":610,"self":0.0512455,"total":0.1254692,"children":{"RayPerceptionSensor.Perceive":{"count":2440,"self":0.0742237,"total":0.0742237,"children":null}}}}}}}