{"count":1,"gauges":{"MulakLearning.CumulativeReward":{"count":12,"max":0,"min":0,"value":0,"weightedAverage":0}},"self":21.0861472,"total":40.062282499999995,"children":{"AgentSendState":{"count":1983,"self":0.6762539,"total":1.0254763999999998,"children":{"CollectObservations":{"count":26050,"self":0.3492225,"total":0.3492225,"children":null}}},"DecideAction":{"count":1983,"self":14.7374656,"total":17.786645099999998,"children":{"RayPerceptionSensor.Perceive":{"count":52100,"self":3.0491788,"total":3.0491789,"children":null}}},"AgentAct":{"count":1983,"self":0.1630534,"total":0.1630534,"children":null}}}