{"count":1,"gauges":{"MulakDefensiveLearning.CumulativeReward":{"count":42,"max":0,"min":0,"value":0,"weightedAverage":0}},"self":123.42686719999999,"total":148.5648922,"children":{"AgentSendState":{"count":7314,"self":2.3290598,"total":3.6953880999999997,"children":{"CollectObservations":{"count":43161,"self":1.3663283,"total":1.3663283,"children":null}}},"DecideAction":{"count":7314,"self":15.782326399999999,"total":21.0968153,"children":{"RayPerceptionSensor.Perceive":{"count":86322,"self":5.314488,"total":5.3144881999999996,"children":null}}},"AgentAct":{"count":7314,"self":0.34382219999999997,"total":0.34382219999999997,"children":null}}}