{"count":1,"gauges":{"Galvadon2Learning.CumulativeReward":{"count":1,"max":4.867431,"min":4.867431,"value":4.867431,"weightedAverage":4.867431}},"self":7.8947503999999995,"total":8.9991352999999989,"children":{"AgentSendState":{"count":443,"self":0.0373528,"total":0.0402333,"children":{"CollectObservations":{"count":319,"self":0.0028805,"total":0.0028805,"children":null}}},"DecideAction":{"count":443,"self":0.99921549999999992,"total":1.0330077,"children":{"RayPerceptionSensor.Perceive":{"count":319,"self":0.0337922,"total":0.0337922,"children":null}}},"AgentAct":{"count":443,"self":0.0261569,"total":0.0261569,"children":null}}}