{"count":1,"gauges":{"PhaorisLearning.CumulativeReward":{"count":4,"max":1.81179762,"min":1.45690989,"value":1.81179762,"weightedAverage":1.64665723},"MulakLearning.CumulativeReward":{"count":4,"max":2.798692,"min":0.160056084,"value":1.66742921,"weightedAverage":1.52034533}},"self":20.0013376,"total":51.851750599999995,"children":{"AgentSendState":{"count":2534,"self":0.5737857,"total":0.89347899999999991,"children":{"CollectObservations":{"count":18197,"self":0.31969329999999996,"total":0.31969329999999996,"children":null}}},"DecideAction":{"count":2534,"self":28.330230399999998,"total":30.730477099999998,"children":{"RayPerceptionSensor.Perceive":{"count":41364,"self":2.4002452,"total":2.4002452,"children":null}}},"AgentAct":{"count":2534,"self":0.2264572,"total":0.2264572,"children":null}}}