{"count":1,"gauges":{"PhaorisLearning.CumulativeReward":{"count":105,"max":1.341311,"min":-1.00192487,"value":0.6670011,"weightedAverage":0.459444165}},"self":26.7500528,"total":38.586144499999996,"children":{"AgentSendState":{"count":1926,"self":0.7633169,"total":1.2551689,"children":{"CollectObservations":{"count":25157,"self":0.49185199999999996,"total":0.49185199999999996,"children":null}}},"DecideAction":{"count":1926,"self":8.0486456,"total":10.4395569,"children":{"RayPerceptionSensor.Perceive":{"count":100628,"self":2.3909116,"total":2.3909115,"children":null}}},"AgentAct":{"count":1926,"self":0.139371,"total":0.139371,"children":null}}}