{"count":1,"gauges":{"Heliosv3Learning.CumulativeReward":{"count":3,"max":7.235322,"min":4.639015,"value":7.235322,"weightedAverage":5.45502758}},"self":20.093611199999998,"total":23.1110261,"children":{"AgentSendState":{"count":1100,"self":0.0836688,"total":0.1156797,"children":{"CollectObservations":{"count":2239,"self":0.0320109,"total":0.0320109,"children":null}}},"DecideAction":{"count":1100,"self":2.7155503999999997,"total":2.8324567,"children":{"RayPerceptionSensor.Perceive":{"count":4478,"self":0.1169064,"total":0.1169064,"children":null}}},"AgentAct":{"count":1100,"self":0.0672842,"total":0.0672842,"children":null}}}