{"count":1,"gauges":{},"self":6.7808936,"total":6.7819772999999994,"children":null}