{"count":1,"gauges":{"Heliosv3Learning.CumulativeReward":{"count":4,"max":1.12580192,"min":-2.83826375,"value":1.12580192,"weightedAverage":-0.924577534},"MulakLearning.CumulativeReward":{"count":3,"max":-0.0136286542,"min":-0.3067972,"value":-0.047407005,"weightedAverage":-0.07704234},"Galvadon2Learning.CumulativeReward":{"count":1,"max":2.40981174,"min":2.40981174,"value":2.40981174,"weightedAverage":2.40981174}},"self":21.4097488,"total":22.6378284,"children":{"AgentSendState":{"count":1129,"self":0.0345412,"total":0.0455058,"children":{"CollectObservations":{"count":646,"self":0.0109646,"total":0.0109646,"children":null}}},"DecideAction":{"count":1129,"self":1.1005451,"total":1.1695965,"children":{"RayPerceptionSensor.Perceive":{"count":1233,"self":0.0690514,"total":0.0690514,"children":null}}},"AgentAct":{"count":1129,"self":0.010983099999999999,"total":0.010983099999999999,"children":null}}}