{"count":1,"gauges":{"PhaorisLearning.CumulativeReward":{"count":15,"max":10.2403822,"min":-1,"value":3.83165479,"weightedAverage":3.18667436},"MulakLearning.CumulativeReward":{"count":2,"max":0.8076711,"min":-6.050804,"value":0.8076711,"weightedAverage":-4.33618546},"Galvadon2Learning.CumulativeReward":{"count":2,"max":24.64279,"min":-9.146797,"value":24.64279,"weightedAverage":-0.6994004}},"self":48.4479456,"total":104.4530829,"children":{"AgentSendState":{"count":5219,"self":1.3838753,"total":1.9628694,"children":{"CollectObservations":{"count":28840,"self":0.5789941,"total":0.5789941,"children":null}}},"DecideAction":{"count":5219,"self":50.0290944,"total":53.5552083,"children":{"RayPerceptionSensor.Perceive":{"count":67288,"self":3.5261123999999997,"total":3.5261125,"children":null}}},"AgentAct":{"count":5219,"self":0.48506439999999995,"total":0.48506439999999995,"children":null}}}