{"count":1,"gauges":{"MulakLearning.CumulativeReward":{"count":5,"max":1.71624756,"min":0.266738385,"value":0.266738385,"weightedAverage":0.669488251},"Heliosv3Learning.CumulativeReward":{"count":3,"max":9.733745,"min":7.402882,"value":8.891324,"weightedAverage":8.212029}},"self":281.816576,"total":288.4349845,"children":{"AgentSendState":{"count":14144,"self":0.440892,"total":0.49801009999999996,"children":{"CollectObservations":{"count":3958,"self":0.0571181,"total":0.0571181,"children":null}}},"DecideAction":{"count":14144,"self":5.5326048,"total":6.0080635,"children":{"RayPerceptionSensor.Perceive":{"count":7916,"self":0.4754585,"total":0.4754585,"children":null}}},"AgentAct":{"count":14144,"self":0.11133509999999999,"total":0.11133509999999999,"children":null}}}