{"count":1,"gauges":{"MulakLearning.CumulativeReward":{"count":22,"max":2.124078,"min":-0.33852458,"value":2.07868981,"weightedAverage":0.978697538}},"self":38.953328,"total":58.2300032,"children":{"AgentSendState":{"count":2488,"self":0.90680379999999994,"total":1.4036095,"children":{"CollectObservations":{"count":28413,"self":0.49680569999999996,"total":0.49680569999999996,"children":null}}},"DecideAction":{"count":2488,"self":12.837862399999999,"total":17.6998525,"children":{"RayPerceptionSensor.Perceive":{"count":56826,"self":4.8619904,"total":4.8619902999999995,"children":null}}},"AgentAct":{"count":2488,"self":0.1702213,"total":0.1702213,"children":null}}}