{"count":1,"gauges":{"MulakLearning.CumulativeReward":{"count":4,"max":1.080539,"min":-0.039903488,"value":0.427972853,"weightedAverage":0.4013306},"Heliosv3Learning.CumulativeReward":{"count":2,"max":6.830949,"min":5.68963051,"value":6.830949,"weightedAverage":5.97496033},"Galvadon2Learning.CumulativeReward":{"count":2,"max":-0.900477052,"min":-1.51102328,"value":-0.900477052,"weightedAverage":-1.35838675}},"self":53.572278399999995,"total":69.7453184,"children":{"AgentSendState":{"count":2930,"self":0.2776035,"total":0.3824183,"children":{"CollectObservations":{"count":7170,"self":0.1048148,"total":0.1048148,"children":null}}},"DecideAction":{"count":2930,"self":14.9806656,"total":15.660497699999999,"children":{"RayPerceptionSensor.Perceive":{"count":13396,"self":0.6798314,"total":0.6798314,"children":null}}},"AgentAct":{"count":2930,"self":0.1291281,"total":0.1291281,"children":null}}}