{"count":1,"gauges":{"MulakLearning.CumulativeReward":{"count":4,"max":1.61819327,"min":0.7598784,"value":1.61819327,"weightedAverage":1.16621971},"PhaorisLearning.CumulativeReward":{"count":1,"max":2.920604,"min":2.920604,"value":2.920604,"weightedAverage":2.920604}},"self":14.987889599999999,"total":41.3410459,"children":{"AgentSendState":{"count":2032,"self":0.3870027,"total":0.6096865,"children":{"CollectObservations":{"count":15611,"self":0.2226838,"total":0.2226838,"children":null}}},"DecideAction":{"count":2032,"self":23.535385599999998,"total":25.607702999999997,"children":{"RayPerceptionSensor.Perceive":{"count":35286,"self":2.0723172,"total":2.0723171,"children":null}}},"AgentAct":{"count":2032,"self":0.1347698,"total":0.1347698,"children":null}}}