{"count":1,"gauges":{},"self":9.143806399999999,"total":9.143806,"children":null}