{"count":1,"gauges":{"Heliosv3Learning.CumulativeReward":{"count":4,"max":-1.88315392,"min":-9.715383,"value":-1.88315392,"weightedAverage":-3.55080652}},"self":31.468239999999998,"total":36.270512499999995,"children":{"AgentSendState":{"count":1801,"self":0.2119953,"total":0.2818423,"children":{"CollectObservations":{"count":2804,"self":0.069846999999999992,"total":0.069846999999999992,"children":null}}},"DecideAction":{"count":1801,"self":4.090466,"total":4.4573309,"children":{"RayPerceptionSensor.Perceive":{"count":5608,"self":0.3668649,"total":0.3668649,"children":null}}},"AgentAct":{"count":1801,"self":0.062098,"total":0.062098,"children":null}}}