{"count":1,"gauges":{"MulakDefensiveLearning.CumulativeReward":{"count":3,"max":0,"min":0,"value":0,"weightedAverage":0},"Heliosv3Learning.CumulativeReward":{"count":1,"max":28.0933743,"min":28.0933743,"value":28.0933743,"weightedAverage":28.0933743}},"self":58.575168,"total":66.2173936,"children":{"AgentSendState":{"count":3243,"self":0.20260999999999998,"total":0.2820954,"children":{"CollectObservations":{"count":4248,"self":0.0794854,"total":0.0794854,"children":null}}},"DecideAction":{"count":3243,"self":6.6897287999999993,"total":7.2812643999999995,"children":{"RayPerceptionSensor.Perceive":{"count":8496,"self":0.59153539999999993,"total":0.59153539999999993,"children":null}}},"AgentAct":{"count":3243,"self":0.0758766,"total":0.0758766,"children":null}}}