{"count":1,"gauges":{"Heliosv3Learning.CumulativeReward":{"count":20,"max":48.003376,"min":-0.5,"value":45.7551231,"weightedAverage":41.13105},"MulakLearning.CumulativeReward":{"count":202,"max":3.2247963,"min":-1,"value":0,"weightedAverage":0.21839866}},"self":287.1142144,"total":351.7974565,"children":{"AgentSendState":{"count":16554,"self":2.4118592,"total":3.7435475,"children":{"CollectObservations":{"count":102839,"self":1.3316881999999999,"total":1.3316881999999999,"children":null}}},"DecideAction":{"count":16554,"self":46.933836799999995,"total":60.2785763,"children":{"RayPerceptionSensor.Perceive":{"count":205678,"self":13.34474,"total":13.344739899999999,"children":null}}},"AgentAct":{"count":16554,"self":0.6611193,"total":0.6611193,"children":null}}}