{"count":1,"gauges":{"Heliosv3Learning.CumulativeReward":{"count":6,"max":2.45310736,"min":-7.489756,"value":-7.489756,"weightedAverage":-3.03131413}},"self":21.775923199999998,"total":24.1076715,"children":{"AgentSendState":{"count":1149,"self":0.0933677,"total":0.1405464,"children":{"CollectObservations":{"count":3109,"self":0.0471787,"total":0.0471787,"children":null}}},"DecideAction":{"count":1149,"self":1.9146543999999999,"total":2.1598558,"children":{"RayPerceptionSensor.Perceive":{"count":6218,"self":0.2452015,"total":0.2452015,"children":null}}},"AgentAct":{"count":1149,"self":0.0283554,"total":0.0283554,"children":null}}}