{"count":1,"gauges":{"PhaorisLearning.CumulativeReward":{"count":14,"max":0.510547757,"min":-1,"value":0.285449117,"weightedAverage":-0.395410031},"MulakLearning.CumulativeReward":{"count":8,"max":0.296638876,"min":-1,"value":0.08051367,"weightedAverage":-0.191948771},"Heliosv3Learning.CumulativeReward":{"count":4,"max":9.767304,"min":8.744931,"value":8.860176,"weightedAverage":9.004341}},"self":19.5233344,"total":26.4549603,"children":{"AgentSendState":{"count":1071,"self":0.1689375,"total":0.2595806,"children":{"CollectObservations":{"count":5833,"self":0.09064309999999999,"total":0.09064309999999999,"children":null}}},"DecideAction":{"count":1071,"self":5.9162799999999995,"total":6.6157422,"children":{"RayPerceptionSensor.Perceive":{"count":13946,"self":0.69946239999999993,"total":0.69946239999999993,"children":null}}},"AgentAct":{"count":1071,"self":0.0533108,"total":0.0533108,"children":null}}}