{"count":1,"gauges":{"MulakLearning.CumulativeReward":{"count":43,"max":2.72723913,"min":-1,"value":-0.026140999,"weightedAverage":0.0185141321},"PhaorisLearning.CumulativeReward":{"count":124,"max":5.030591,"min":-1,"value":-0.06260227,"weightedAverage":-0.435346454},"Heliosv3Learning.CumulativeReward":{"count":20,"max":18.81765,"min":-41.10948,"value":7.467702,"weightedAverage":-3.21309257},"Galvadon2Learning.CumulativeReward":{"count":10,"max":-0.6,"min":-75.7275162,"value":-65.59957,"weightedAverage":-45.7719078}},"self":594.0744704,"total":657.82610579999994,"children":{"AgentSendState":{"count":27710,"self":3.2512057999999997,"total":4.312378,"children":{"CollectObservations":{"count":64606,"self":1.0611722,"total":1.0611722,"children":null}}},"DecideAction":{"count":27710,"self":52.2252448,"total":58.405971199999996,"children":{"RayPerceptionSensor.Perceive":{"count":162268,"self":6.1807267999999995,"total":6.1807269,"children":null}}},"AgentAct":{"count":27710,"self":1.0332831999999998,"total":1.0332831999999998,"children":null}}}