{"count":1,"gauges":{"MulakLearning.CumulativeReward":{"count":8,"max":0.132265955,"min":-2.03057218,"value":-1,"weightedAverage":-1.0437659}},"self":26.311550399999998,"total":35.6327132,"children":{"AgentSendState":{"count":1733,"self":0.3470681,"total":0.53402909999999992,"children":{"CollectObservations":{"count":14166,"self":0.186961,"total":0.186961,"children":null}}},"DecideAction":{"count":1733,"self":6.8978784,"total":8.7002016,"children":{"RayPerceptionSensor.Perceive":{"count":28332,"self":1.8023232,"total":1.8023231,"children":null}}},"AgentAct":{"count":1733,"self":0.0839379,"total":0.0839379,"children":null}}}