{"count":1,"gauges":{"Heliosv3Learning.CumulativeReward":{"count":14,"max":-0.83817023,"min":-7.691551,"value":-6.315409,"weightedAverage":-3.87432575}},"self":15.143574399999999,"total":16.3458927,"children":{"AgentSendState":{"count":759,"self":0.0801172,"total":0.1143083,"children":{"CollectObservations":{"count":2003,"self":0.034191099999999995,"total":0.034191099999999995,"children":null}}},"DecideAction":{"count":759,"self":0.92419129999999994,"total":1.0647913,"children":{"RayPerceptionSensor.Perceive":{"count":4006,"self":0.1406,"total":0.1406,"children":null}}},"AgentAct":{"count":759,"self":0.0212236,"total":0.0212236,"children":null}}}