{"count":1,"gauges":{"MulakLearning.CumulativeReward":{"count":6,"max":1.69563556,"min":-0.3202064,"value":-0.3202064,"weightedAverage":0.267166048},"PhaorisLearning.CumulativeReward":{"count":1,"max":1.65170336,"min":1.65170336,"value":1.65170336,"weightedAverage":1.65170336}},"self":5.7188,"total":28.0436198,"children":{"AgentSendState":{"count":1327,"self":0.515161,"total":0.86212669999999991,"children":{"CollectObservations":{"count":14661,"self":0.3469657,"total":0.3469657,"children":null}}},"DecideAction":{"count":1327,"self":18.707031999999998,"total":21.3244775,"children":{"RayPerceptionSensor.Perceive":{"count":31976,"self":2.6174456,"total":2.6174456,"children":null}}},"AgentAct":{"count":1327,"self":0.1352229,"total":0.1352229,"children":null}}}