{"count":1,"gauges":{"MulakLearning.CumulativeReward":{"count":31,"max":1.1450001,"min":-1,"value":-1,"weightedAverage":-0.231775448},"Heliosv3Learning.CumulativeReward":{"count":11,"max":16.6244755,"min":-0.0134764509,"value":5.450412,"weightedAverage":7.28196955}},"self":402.706048,"total":427.28474869999997,"children":{"AgentSendState":{"count":21150,"self":0.9234277,"total":1.1015157,"children":{"CollectObservations":{"count":12593,"self":0.178088,"total":0.178088,"children":null}}},"DecideAction":{"count":21150,"self":21.6478,"total":23.062666999999998,"children":{"RayPerceptionSensor.Perceive":{"count":25186,"self":1.4148664,"total":1.4148664,"children":null}}},"AgentAct":{"count":21150,"self":0.41053439999999997,"total":0.41053439999999997,"children":null}}}