{"count":1,"gauges":{},"self":6.6979992,"total":6.7089393,"children":{"AgentSendState":{"count":321,"self":0.0069200999999999993,"total":0.0069200999999999993,"children":null},"DecideAction":{"count":321,"self":0.0010099,"total":0.0010099,"children":null},"AgentAct":{"count":321,"self":0.0010157,"total":0.0010157,"children":null}}}