{"count":1,"gauges":{"Heliosv3Learning.CumulativeReward":{"count":3,"max":11.1763849,"min":3.5818615,"value":3.5818615,"weightedAverage":8.316201},"MulakLearning.CumulativeReward":{"count":2,"max":0.7046823,"min":0.242396981,"value":0.242396981,"weightedAverage":0.589111},"Galvadon2Learning.CumulativeReward":{"count":1,"max":-16.4080715,"min":-16.4080715,"value":-16.4080715,"weightedAverage":-16.4080715}},"self":160.8668032,"total":176.9674469,"children":{"AgentSendState":{"count":8845,"self":0.3526318,"total":0.42702819999999997,"children":{"CollectObservations":{"count":4351,"self":0.0743964,"total":0.0743964,"children":null}}},"DecideAction":{"count":8845,"self":15.0160944,"total":15.450866999999999,"children":{"RayPerceptionSensor.Perceive":{"count":7702,"self":0.4347719,"total":0.4347719,"children":null}}},"AgentAct":{"count":8845,"self":0.2197548,"total":0.2197548,"children":null}}}