{"count":1,"gauges":{"PhaorisLearning.CumulativeReward":{"count":7,"max":0.563277,"min":-1,"value":0.563277,"weightedAverage":-0.609180748},"MulakLearning.CumulativeReward":{"count":1,"max":-0.24623014,"min":-0.24623014,"value":-0.24623014,"weightedAverage":-0.24623014},"Heliosv3Learning.CumulativeReward":{"count":1,"max":2.37506175,"min":2.37506175,"value":2.37506175,"weightedAverage":2.37506175},"Galvadon2Learning.CumulativeReward":{"count":1,"max":5.522905,"min":5.522905,"value":5.522905,"weightedAverage":5.522905}},"self":18.824464,"total":23.261488,"children":{"AgentSendState":{"count":1160,"self":0.0689659,"total":0.0920729,"children":{"CollectObservations":{"count":1468,"self":0.023107,"total":0.023107,"children":null}}},"DecideAction":{"count":1160,"self":4.140638,"total":4.3089218,"children":{"RayPerceptionSensor.Perceive":{"count":3350,"self":0.16828379999999998,"total":0.16828379999999998,"children":null}}},"AgentAct":{"count":1160,"self":0.0340342,"total":0.0340342,"children":null}}}