{"count":1,"gauges":{},"self":6.2487059999999994,"total":14.3561161,"children":{"AgentSendState":{"count":703,"self":0.3357445,"total":0.51731399999999994,"children":{"CollectObservations":{"count":13346,"self":0.1815695,"total":0.1815695,"children":null}}},"DecideAction":{"count":703,"self":6.1640228,"total":7.5321791,"children":{"RayPerceptionSensor.Perceive":{"count":26692,"self":1.3681562,"total":1.3681562,"children":null}}},"AgentAct":{"count":703,"self":0.056919899999999995,"total":0.056919899999999995,"children":null}}}