{"count":1,"gauges":{"PhaorisLearning.CumulativeReward":{"count":33,"max":1.9500221,"min":-1,"value":1.9500221,"weightedAverage":0.203700572},"Heliosv3Learning.CumulativeReward":{"count":2,"max":3.53836656,"min":-6.5159936,"value":3.53836656,"weightedAverage":-4.00240374}},"self":54.5896,"total":59.3788639,"children":{"AgentSendState":{"count":2965,"self":0.1351823,"total":0.191374,"children":{"CollectObservations":{"count":3498,"self":0.0561917,"total":0.0561917,"children":null}}},"DecideAction":{"count":2965,"self":4.1744356,"total":4.5064139999999995,"children":{"RayPerceptionSensor.Perceive":{"count":11192,"self":0.3319784,"total":0.3319784,"children":null}}},"AgentAct":{"count":2965,"self":0.088484,"total":0.088484,"children":null}}}