{"count":1,"gauges":{"Heliosv3Learning.CumulativeReward":{"count":4,"max":4.36177444,"min":-0.243624508,"value":1.9345696,"weightedAverage":2.64288568}},"self":33.950928,"total":37.045196,"children":{"AgentSendState":{"count":1109,"self":0.11832619999999999,"total":0.14219479999999998,"children":{"CollectObservations":{"count":882,"self":0.0238686,"total":0.0238686,"children":null}}},"DecideAction":{"count":1109,"self":2.7765028,"total":2.9033938999999997,"children":{"RayPerceptionSensor.Perceive":{"count":1764,"self":0.1268911,"total":0.1268911,"children":null}}},"AgentAct":{"count":1109,"self":0.048678,"total":0.048678,"children":null}}}