{"count":1,"gauges":{"PhaorisLearning.CumulativeReward":{"count":1,"max":3.47984314,"min":3.47984314,"value":3.47984314,"weightedAverage":3.47984314},"MulakLearning.CumulativeReward":{"count":2,"max":1.2480042,"min":-0.171941742,"value":-0.171941742,"weightedAverage":0.8930177}},"self":13.668479999999999,"total":39.755714399999995,"children":{"AgentSendState":{"count":1962,"self":0.4554976,"total":0.7234573,"children":{"CollectObservations":{"count":16957,"self":0.26795969999999997,"total":0.26795969999999997,"children":null}}},"DecideAction":{"count":1962,"self":22.944070399999998,"total":25.1994337,"children":{"RayPerceptionSensor.Perceive":{"count":37838,"self":2.2553631999999997,"total":2.2553633,"children":null}}},"AgentAct":{"count":1962,"self":0.1633469,"total":0.1633469,"children":null}}}