{"count":1,"gauges":{"Heliosv3Learning.CumulativeReward":{"count":76,"max":-0.6,"min":-33.01521,"value":-0.6,"weightedAverage":-1.32211733},"PhaorisLearning.CumulativeReward":{"count":28,"max":0.175515592,"min":-1,"value":0.159004807,"weightedAverage":-0.20434162}},"self":132.9251712,"total":136.2478071,"children":{"AgentSendState":{"count":6809,"self":0.2344461,"total":0.30620769999999997,"children":{"CollectObservations":{"count":4508,"self":0.0717616,"total":0.0717616,"children":null}}},"DecideAction":{"count":6809,"self":2.5816931999999997,"total":2.9262305,"children":{"RayPerceptionSensor.Perceive":{"count":9896,"self":0.3445374,"total":0.3445374,"children":null}}},"AgentAct":{"count":6809,"self":0.0872039,"total":0.0872039,"children":null}}}