{"count":1,"gauges":{"MulakLearning.CumulativeReward":{"count":11,"max":0.1590997,"min":-2.80021,"value":-0.1289232,"weightedAverage":-0.6521877}},"self":9.8737415999999989,"total":25.928903299999998,"children":{"AgentSendState":{"count":1279,"self":0.420313,"total":0.6706584,"children":{"CollectObservations":{"count":19360,"self":0.2503454,"total":0.2503454,"children":null}}},"DecideAction":{"count":1279,"self":11.2906896,"total":15.2665838,"children":{"RayPerceptionSensor.Perceive":{"count":38720,"self":3.9758943999999996,"total":3.9758942,"children":null}}},"AgentAct":{"count":1279,"self":0.1159157,"total":0.1159157,"children":null}}}