{"count":1,"gauges":{"PhaorisLearning.CumulativeReward":{"count":14,"max":1.429401,"min":-1,"value":1.429401,"weightedAverage":-0.3565563},"Heliosv3Learning.CumulativeReward":{"count":2,"max":-2.519836,"min":-3.65808773,"value":-3.65808773,"weightedAverage":-2.804399},"MulakLearning.CumulativeReward":{"count":2,"max":-0.2757456,"min":-0.478745133,"value":-0.2757456,"weightedAverage":-0.427995265},"Galvadon2Learning.CumulativeReward":{"count":2,"max":3.983643,"min":2.13935351,"value":2.13935351,"weightedAverage":3.52257061}},"self":93.6700864,"total":102.0633632,"children":{"AgentSendState":{"count":2587,"self":0.1514246,"total":0.2098967,"children":{"CollectObservations":{"count":2636,"self":0.0584721,"total":0.0584721,"children":null}}},"DecideAction":{"count":2587,"self":7.8093759999999994,"total":8.0961327,"children":{"RayPerceptionSensor.Perceive":{"count":6040,"self":0.28675649999999997,"total":0.28675649999999997,"children":null}}},"AgentAct":{"count":2587,"self":0.0872478,"total":0.0872478,"children":null}}}