{"count":1,"gauges":{"Heliosv3Learning.CumulativeReward":{"count":2,"max":7.588036,"min":6.779829,"value":6.779829,"weightedAverage":7.38598442}},"self":41.0037728,"total":44.839841799999995,"children":{"AgentSendState":{"count":1606,"self":0.1708575,"total":0.2031984,"children":{"CollectObservations":{"count":1408,"self":0.0323409,"total":0.0323409,"children":null}}},"DecideAction":{"count":1606,"self":3.36144,"total":3.5795909999999997,"children":{"RayPerceptionSensor.Perceive":{"count":2816,"self":0.2181511,"total":0.2181511,"children":null}}},"AgentAct":{"count":1606,"self":0.050286399999999995,"total":0.050286399999999995,"children":null}}}