{"count":1,"gauges":{"PhaorisLearning.CumulativeReward":{"count":6,"max":-1,"min":-1,"value":-1,"weightedAverage":-1},"MulakLearning.CumulativeReward":{"count":1,"max":-0.530347466,"min":-0.530347466,"value":-0.530347466,"weightedAverage":-0.530347466}},"self":12.8188216,"total":14.241553999999999,"children":{"AgentSendState":{"count":709,"self":0.0247855,"total":0.0377936,"children":{"CollectObservations":{"count":653,"self":0.0130081,"total":0.0130081,"children":null}}},"DecideAction":{"count":709,"self":1.3113605,"total":1.3697209,"children":{"RayPerceptionSensor.Perceive":{"count":1464,"self":0.0583604,"total":0.0583604,"children":null}}},"AgentAct":{"count":709,"self":0.013223299999999999,"total":0.013223299999999999,"children":null}}}