{"count":1,"gauges":{"MulakLearning.CumulativeReward":{"count":18,"max":-1.002037,"min":-INF,"value":-1.01896524,"weightedAverage":-INF}},"self":117.7959808,"total":119.24322529999999,"children":{"AgentSendState":{"count":5926,"self":0.6576263,"total":0.9850981,"children":{"CollectObservations":{"count":23314,"self":0.3274718,"total":0.3274718,"children":null}}},"DecideAction":{"count":5926,"self":0.0478496,"total":0.0478496,"children":null},"AgentAct":{"count":5926,"self":0.41330029999999995,"total":0.41330029999999995,"children":null}}}