{"count":1,"gauges":{"MulakLearning.CumulativeReward":{"count":2,"max":-1.0001719,"min":-INF,"value":-1.0001719,"weightedAverage":-INF}},"self":5.1536019999999994,"total":9.901437,"children":{"AgentSendState":{"count":478,"self":0.081512199999999993,"total":0.1152429,"children":{"CollectObservations":{"count":3428,"self":0.033730699999999995,"total":0.033730699999999995,"children":null}}},"DecideAction":{"count":478,"self":4.0535872,"total":4.5944689,"children":{"RayPerceptionSensor.Perceive":{"count":6856,"self":0.5408816,"total":0.5408816,"children":null}}},"AgentAct":{"count":478,"self":0.0361284,"total":0.0361284,"children":null}}}