{"count":1,"gauges":{},"self":7.84812,"total":11.4345234,"children":{"AgentSendState":{"count":553,"self":0.0533409,"total":0.061284599999999995,"children":{"CollectObservations":{"count":1065,"self":0.0079437,"total":0.0079437,"children":null}}},"DecideAction":{"count":553,"self":3.2550396,"total":3.4674136,"children":{"RayPerceptionSensor.Perceive":{"count":2130,"self":0.21237399999999998,"total":0.21237399999999998,"children":null}}},"AgentAct":{"count":553,"self":0.0547131,"total":0.0547131,"children":null}}}