{"count":1,"gauges":{"MulakLearning.CumulativeReward":{"count":17,"max":0.0277857445,"min":-INF,"value":-0.105395041,"weightedAverage":-INF},"Heliosv3Learning.CumulativeReward":{"count":2,"max":1.15934813,"min":1.15039074,"value":1.15039074,"weightedAverage":1.15710878}},"self":21.4837536,"total":47.5286184,"children":{"AgentSendState":{"count":2362,"self":0.41665949999999996,"total":0.57938139999999994,"children":{"CollectObservations":{"count":20692,"self":0.1627219,"total":0.1627219,"children":null}}},"DecideAction":{"count":2362,"self":21.9403936,"total":25.2457067,"children":{"RayPerceptionSensor.Perceive":{"count":41384,"self":3.3053128,"total":3.3053127,"children":null}}},"AgentAct":{"count":2362,"self":0.21878599999999998,"total":0.21878599999999998,"children":null}}}