{"count":1,"gauges":{"PhaorisLearning.CumulativeReward":{"count":5,"max":2.01483655,"min":-0.5174697,"value":-0.5174697,"weightedAverage":0.52782613}},"self":22.5648624,"total":24.0367602,"children":{"AgentSendState":{"count":1159,"self":0.0150374,"total":0.0230195,"children":{"CollectObservations":{"count":1159,"self":0.0079820999999999989,"total":0.0079820999999999989,"children":null}}},"DecideAction":{"count":1159,"self":1.3619489,"total":1.4157792,"children":{"RayPerceptionSensor.Perceive":{"count":4636,"self":0.0538303,"total":0.0538303,"children":null}}},"AgentAct":{"count":1159,"self":0.0321022,"total":0.0321022,"children":null}}}