{"count":1,"gauges":{"PhaorisLearning.CumulativeReward":{"count":55,"max":-1,"min":-1.02951217,"value":-1.02838111,"weightedAverage":-1.01860332}},"self":4.9173599999999995,"total":4.9372532,"children":{"AgentSendState":{"count":230,"self":0.0050094,"total":0.0149541,"children":{"CollectObservations":{"count":2070,"self":0.009944699999999999,"total":0.009944699999999999,"children":null}}},"DecideAction":{"count":230,"self":0.000958,"total":0.000958,"children":null},"AgentAct":{"count":230,"self":0.0019867,"total":0.0019867,"children":null}}}