{"count":1,"gauges":{"PhaorisLearning.CumulativeReward":{"count":11,"max":-1,"min":-1.03130627,"value":-1.0260402,"weightedAverage":-1.01255965}},"self":7.5589775999999995,"total":7.5836619999999995,"children":{"AgentSendState":{"count":365,"self":0.0089617,"total":0.013937399999999999,"children":{"CollectObservations":{"count":365,"self":0.0049757,"total":0.0049757,"children":null}}},"DecideAction":{"count":365,"self":0.0009461,"total":0.0009461,"children":null},"AgentAct":{"count":365,"self":0.0058124,"total":0.0058124,"children":null}}}