{"count":1,"gauges":{"PhaorisLearning.CumulativeReward":{"count":10,"max":1.839494,"min":-6.084176,"value":1.839494,"weightedAverage":-0.9940812}},"self":36.802662399999996,"total":36.8224875,"children":{"AgentSendState":{"count":1814,"self":0.0070351999999999993,"total":0.0080342,"children":{"CollectObservations":{"count":1814,"self":0.00099899999999999989,"total":0.00099899999999999989,"children":null}}},"DecideAction":{"count":1814,"self":0.000949,"total":0.000949,"children":null},"AgentAct":{"count":1814,"self":0.0088460999999999991,"total":0.0088460999999999991,"children":null}}}