{"count":1,"gauges":{"PhaorisLearning.CumulativeReward":{"count":6,"max":2.016359,"min":-0.5874742,"value":2.016359,"weightedAverage":1.10054278}},"self":22.4791872,"total":24.0531315,"children":{"AgentSendState":{"count":1154,"self":0.0197974,"total":0.0268359,"children":{"CollectObservations":{"count":1154,"self":0.0070385,"total":0.0070385,"children":null}}},"DecideAction":{"count":1154,"self":1.4750927999999999,"total":1.5269442,"children":{"RayPerceptionSensor.Perceive":{"count":4616,"self":0.0518514,"total":0.0518514,"children":null}}},"AgentAct":{"count":1154,"self":0.019182599999999998,"total":0.019182599999999998,"children":null}}}