{"count":1,"gauges":{"PhaorisLearning.CumulativeReward":{"count":21817,"max":1.62205887,"min":-1.39005458,"value":-1.1316855,"weightedAverage":-1.10364568}},"self":1036.5190144,"total":6560.2307445999995,"children":{"AgentSendState":{"count":555634,"self":154.65552639999999,"total":1036.4466849,"children":{"CollectObservations":{"count":5000706,"self":51.312435199999996,"total":51.3124344,"children":null},"AgentInfo.ToProto":{"count":5000706,"self":83.7474112,"total":830.47872839999991,"children":{"GenerateSensorData":{"count":5000706,"self":266.97856,"total":746.7313181,"children":{"RayPerceptionSensor.Perceive":{"count":15002118,"self":479.75275519999997,"total":479.7527464,"children":null}}}}}}},"DecideAction":{"count":555634,"self":4451.7281791999994,"total":4451.7280487,"children":null},"AgentAct":{"count":555634,"self":30.9336512,"total":30.933651599999997,"children":null},"AgentInfo.ToProto":{"count":21817,"self":0.5603676,"total":4.6013947,"children":{"GenerateSensorData":{"count":21817,"self":1.4065067,"total":4.0410271,"children":{"RayPerceptionSensor.Perceive":{"count":65451,"self":2.6345204,"total":2.6345204,"children":null}}}}}}}