{"count":1,"gauges":{},"self":22.7302304,"total":28.372429999999998,"children":{"AgentSendState":{"count":1396,"self":0.17983849999999998,"total":0.2360492,"children":{"CollectObservations":{"count":2792,"self":0.056210699999999995,"total":0.056210699999999995,"children":null}}},"DecideAction":{"count":1396,"self":4.696978,"total":5.3338658,"children":{"RayPerceptionSensor.Perceive":{"count":11168,"self":0.6368879,"total":0.6368879,"children":null}}},"AgentAct":{"count":1396,"self":0.069292499999999993,"total":0.069292499999999993,"children":null}}}