{"count":1,"gauges":{},"self":7.4573608,"total":8.9617981,"children":{"AgentSendState":{"count":433,"self":0.0416275,"total":0.05941,"children":{"CollectObservations":{"count":866,"self":0.0177825,"total":0.0177825,"children":null}}},"DecideAction":{"count":433,"self":1.2513189999999998,"total":1.4229097,"children":{"RayPerceptionSensor.Perceive":{"count":3464,"self":0.17159069999999998,"total":0.17159069999999998,"children":null}}},"AgentAct":{"count":433,"self":0.020123099999999998,"total":0.020123099999999998,"children":null}}}