{"count":1,"gauges":{"PhaorisLearning.CumulativeReward":{"count":7,"max":1.98019576,"min":-0.4902424,"value":-0.4902424,"weightedAverage":1.17124724}},"self":34.189679999999996,"total":36.438243199999995,"children":{"AgentSendState":{"count":1779,"self":0.0237979,"total":0.0318129,"children":{"CollectObservations":{"count":1779,"self":0.008015,"total":0.008015,"children":null}}},"DecideAction":{"count":1779,"self":2.1144431999999997,"total":2.1794436,"children":{"RayPerceptionSensor.Perceive":{"count":7116,"self":0.0650003,"total":0.0650003,"children":null}}},"AgentAct":{"count":1779,"self":0.0363029,"total":0.0363029,"children":null}}}