{"count":1,"gauges":{"PhaorisLearning.CumulativeReward":{"count":125,"max":-1,"min":-1.28344,"value":-1.01526535,"weightedAverage":-1.0182662}},"self":23.3924208,"total":23.4541155,"children":{"AgentSendState":{"count":1155,"self":0.0238975,"total":0.0436801,"children":{"CollectObservations":{"count":10395,"self":0.019782599999999997,"total":0.019782599999999997,"children":null}}},"DecideAction":{"count":1155,"self":0.001994,"total":0.001994,"children":null},"AgentAct":{"count":1155,"self":0.0140266,"total":0.0140266,"children":null}}}