{"count":1,"gauges":{"PhaorisLearning.CumulativeReward":{"count":2,"max":-0.664362431,"min":-1.05523074,"value":-1.05523074,"weightedAverage":-0.7620795}},"self":66.361811199999991,"total":82.193907,"children":{"AgentSendState":{"count":4097,"self":0.49174059999999997,"total":0.6370903,"children":{"CollectObservations":{"count":8194,"self":0.1453497,"total":0.1453497,"children":null}}},"DecideAction":{"count":4097,"self":13.2446944,"total":15.018343499999999,"children":{"RayPerceptionSensor.Perceive":{"count":32776,"self":1.7736489999999998,"total":1.7736489999999998,"children":null}}},"AgentAct":{"count":4097,"self":0.1756656,"total":0.1756656,"children":null}}}