{"count":1,"gauges":{"PhaorisLearning.CumulativeReward":{"count":10,"max":-0.483445019,"min":-0.5417631,"value":-0.5080791,"weightedAverage":-0.504145563}},"self":6.5470159999999993,"total":6.5669724,"children":{"AgentSendState":{"count":311,"self":0.0099452999999999989,"total":0.0159728,"children":{"CollectObservations":{"count":2799,"self":0.0060275,"total":0.0060275,"children":null}}},"DecideAction":{"count":311,"self":0.0019941,"total":0.0019941,"children":null},"AgentAct":{"count":311,"self":0.0009975,"total":0.0009975,"children":null}}}