{"count":1,"gauges":{},"self":24.346251199999998,"total":24.3664022,"children":{"AgentSendState":{"count":1196,"self":0.010408899999999999,"total":0.011406399999999999,"children":{"CollectObservations":{"count":1196,"self":0.0009975,"total":0.0009975,"children":null}}},"DecideAction":{"count":1196,"self":0.0009547,"total":0.0009547,"children":null},"AgentAct":{"count":1196,"self":0.0067922,"total":0.0067922,"children":null}}}