{"count":1,"gauges":{},"self":14.7212704,"total":14.7402181,"children":{"AgentSendState":{"count":696,"self":0.0100796,"total":0.014020399999999999,"children":{"CollectObservations":{"count":696,"self":0.0039407999999999995,"total":0.0039407999999999995,"children":null}}},"DecideAction":{"count":696,"self":0,"total":0,"children":null},"AgentAct":{"count":696,"self":0.0039307,"total":0.0039307,"children":null}}}