{"count":1,"gauges":{"PhaorisLearning.CumulativeReward":{"count":10,"max":2.01481748,"min":1.37020016,"value":2.01373029,"weightedAverage":1.86568844}},"self":41.9159712,"total":44.6326396,"children":{"AgentSendState":{"count":2190,"self":0.0388349,"total":0.049684599999999995,"children":{"CollectObservations":{"count":2190,"self":0.0108497,"total":0.0108497,"children":null}}},"DecideAction":{"count":2190,"self":2.551177,"total":2.6379047,"children":{"RayPerceptionSensor.Perceive":{"count":8760,"self":0.086727699999999991,"total":0.086727699999999991,"children":null}}},"AgentAct":{"count":2190,"self":0.0280831,"total":0.0280831,"children":null}}}