{"count":1,"gauges":{"PhaorisLearning.CumulativeReward":{"count":17,"max":-1,"min":-1.14760041,"value":-1,"weightedAverage":-1.03122437}},"self":26.103340799999998,"total":26.1226104,"children":{"AgentSendState":{"count":1283,"self":0.0059238999999999993,"total":0.0104172,"children":{"CollectObservations":{"count":1283,"self":0.0044932999999999996,"total":0.0044932999999999996,"children":null}}},"DecideAction":{"count":1283,"self":0.0010280999999999999,"total":0.0010280999999999999,"children":null},"AgentAct":{"count":1283,"self":0.0058295,"total":0.0058295,"children":null}}}