{"count":1,"gauges":{"PhaorisLearning.CumulativeReward":{"count":6,"max":-0.956517458,"min":-5.64255953,"value":-0.956517458,"weightedAverage":-2.967914}},"self":97.5455424,"total":97.6473714,"children":{"AgentSendState":{"count":4842,"self":0.0474763,"total":0.0621921,"children":{"CollectObservations":{"count":4842,"self":0.0147158,"total":0.0147158,"children":null}}},"DecideAction":{"count":4842,"self":0.0069389,"total":0.0069389,"children":null},"AgentAct":{"count":4842,"self":0.0316991,"total":0.0316991,"children":null}}}