{"count":1,"gauges":{"MulakLearning.CumulativeReward":{"count":4,"max":0,"min":0,"value":0,"weightedAverage":0}},"self":9.861514399999999,"total":23.9345857,"children":{"AgentSendState":{"count":1179,"self":0.1687774,"total":0.226294,"children":{"CollectObservations":{"count":5958,"self":0.057516599999999994,"total":0.057516599999999994,"children":null}}},"DecideAction":{"count":1179,"self":12.88952,"total":13.7518742,"children":{"RayPerceptionSensor.Perceive":{"count":10737,"self":0.8623541,"total":0.8623541,"children":null}}},"AgentAct":{"count":1179,"self":0.092911899999999992,"total":0.092911899999999992,"children":null}}}