{"count":1,"gauges":{"MulakLearning.CumulativeReward":{"count":7,"max":0,"min":0,"value":0,"weightedAverage":0}},"self":9.5128,"total":26.086886399999997,"children":{"AgentSendState":{"count":1279,"self":0.3321866,"total":0.46886279999999997,"children":{"CollectObservations":{"count":11529,"self":0.1366762,"total":0.1366762,"children":null}}},"DecideAction":{"count":1279,"self":14.259768,"total":16.001083299999998,"children":{"RayPerceptionSensor.Perceive":{"count":21779,"self":1.7413147999999998,"total":1.7413147999999998,"children":null}}},"AgentAct":{"count":1279,"self":0.1011485,"total":0.1011485,"children":null}}}