{"count":1,"gauges":{"MulakLearning.CumulativeReward":{"count":55,"max":0,"min":0,"value":0,"weightedAverage":0}},"self":37.314662399999996,"total":115.47363179999999,"children":{"AgentSendState":{"count":5756,"self":1.4458246,"total":2.0566507,"children":{"CollectObservations":{"count":49316,"self":0.61082609999999993,"total":0.61082609999999993,"children":null}}},"DecideAction":{"count":5756,"self":66.7451392,"total":75.643249,"children":{"RayPerceptionSensor.Perceive":{"count":92876,"self":8.8981079999999988,"total":8.8981079,"children":null}}},"AgentAct":{"count":5756,"self":0.45807359999999997,"total":0.45807359999999997,"children":null}}}