{"count":1,"gauges":{},"self":32.9216384,"total":45.7976325,"children":{"AgentSendState":{"count":2270,"self":0.23606039999999998,"total":0.3033692,"children":{"CollectObservations":{"count":4540,"self":0.0673088,"total":0.0673088,"children":null}}},"DecideAction":{"count":2270,"self":11.91436,"total":12.4692254,"children":{"RayPerceptionSensor.Perceive":{"count":9080,"self":0.5548654,"total":0.5548654,"children":null}}},"AgentAct":{"count":2270,"self":0.10240289999999999,"total":0.10240289999999999,"children":null}}}