{"count":1,"gauges":{},"self":10.2171944,"total":10.2310957,"children":{"AgentSendState":{"count":469,"self":0.0069181999999999994,"total":0.0089128,"children":{"CollectObservations":{"count":469,"self":0.0019946,"total":0.0019946,"children":null}}},"DecideAction":{"count":469,"self":0.00099779999999999986,"total":0.00099779999999999986,"children":null},"AgentAct":{"count":469,"self":0.0019959,"total":0.0019959,"children":null}}}