{"count":1,"gauges":{},"self":9.9156344,"total":9.9355551,"children":{"AgentSendState":{"count":483,"self":0.0129342,"total":0.0129342,"children":null},"DecideAction":{"count":483,"self":0.0029944999999999998,"total":0.0029944999999999998,"children":null},"AgentAct":{"count":483,"self":0.0019969,"total":0.0019969,"children":null}}}