{"count":1,"gauges":{"Heliosv3Learning.CumulativeReward":{"count":746,"max":-INF,"min":-INF,"value":-INF,"weightedAverage":-INF},"MulakDefensiveLearning.CumulativeReward":{"count":996,"max":76.19857,"min":-97.37405,"value":59.6253967,"weightedAverage":61.4199066}},"self":3650.1905408,"total":14785.3263694,"children":{"AgentSendState":{"count":416751,"self":352.3099904,"total":2529.8517793,"children":{"CollectObservations":{"count":10002024,"self":146.4715264,"total":146.4715304,"children":null},"AgentInfo.ToProto":{"count":5001012,"self":258.8020992,"total":2031.0702551,"children":{"GenerateSensorData":{"count":5001012,"self":969.026048,"total":1772.268159,"children":{"RayPerceptionSensor.Perceive":{"count":10002024,"self":803.2420864,"total":803.2420942,"children":null}}}}}}},"DecideAction":{"count":416751,"self":8117.3127167999992,"total":8562.8122136,"children":{"RayPerceptionSensor.Perceive":{"count":10002024,"self":445.4994944,"total":445.4994766,"children":null}}},"AgentAct":{"count":416751,"self":42.2412128,"total":42.470884,"children":{"AgentInfo.ToProto":{"count":996,"self":0.031938,"total":0.2296721,"children":{"GenerateSensorData":{"count":996,"self":0.069981099999999991,"total":0.1977341,"children":{"RayPerceptionSensor.Perceive":{"count":1992,"self":0.127753,"total":0.127753,"children":null}}}}}}}}}