{"count":1,"gauges":{"MulakDashingLearning.CumulativeReward":{"count":996,"max":72.92543,"min":-66.3629456,"value":55.0107765,"weightedAverage":53.59506}},"self":4014.3962112,"total":8694.8154516,"children":{"AgentSendState":{"count":416751,"self":154.4679808,"total":885.0284254,"children":{"CollectObservations":{"count":5001012,"self":57.9249728,"total":57.9249716,"children":null},"AgentInfo.ToProto":{"count":5001012,"self":98.609318399999992,"total":672.6354696,"children":{"GenerateSensorData":{"count":5001012,"self":225.2184064,"total":574.026151,"children":{"RayPerceptionSensor.Perceive":{"count":10002024,"self":348.8077568,"total":348.8077514,"children":null}}}}}}},"DecideAction":{"count":416751,"self":3774.3788031999998,"total":3774.3788320999997,"children":null},"AgentAct":{"count":416751,"self":20.820294399999998,"total":21.0109531,"children":{"AgentInfo.ToProto":{"count":996,"self":0.034903199999999995,"total":0.1906587,"children":{"GenerateSensorData":{"count":996,"self":0.056415299999999995,"total":0.1557555,"children":{"RayPerceptionSensor.Perceive":{"count":1992,"self":0.09934019999999999,"total":0.09934019999999999,"children":null}}}}}}}}}