{"count":1,"gauges":{"Heliosv3Learning.CumulativeReward":{"count":9036,"max":0.527409136,"min":-0.444279939,"value":-0.354954123,"weightedAverage":-0.2626315},"MulakDefensiveLearning.CumulativeReward":{"count":9036,"max":0,"min":-0.6,"value":0,"weightedAverage":-0.07135863}},"self":8080.0161792,"total":27578.1627448,"children":{"AgentSendState":{"count":3766384,"self":1032.1211392,"total":2335.1107761,"children":{"CollectObservations":{"count":47456448,"self":631.6341248,"total":631.6341384,"children":null},"AgentInfo.ToProto":{"count":2259840,"self":55.4512256,"total":671.3554845,"children":{"GenerateSensorData":{"count":2259840,"self":247.8591232,"total":615.90425859999993,"children":{"RayPerceptionSensor.Perceive":{"count":4519680,"self":368.0451328,"total":368.045141,"children":null}}}}}}},"DecideAction":{"count":3766384,"self":13176.516608,"total":16972.466357999998,"children":{"RayPerceptionSensor.Perceive":{"count":90393216,"self":3795.949568,"total":3795.9496068999997,"children":null}}},"AgentAct":{"count":3766384,"self":188.5169408,"total":190.5675143,"children":{"AgentInfo.ToProto":{"count":9036,"self":0.1791248,"total":2.0505702,"children":{"GenerateSensorData":{"count":9036,"self":0.7316903,"total":1.8714453999999998,"children":{"RayPerceptionSensor.Perceive":{"count":18072,"self":1.1397551,"total":1.1397551,"children":null}}}}}}}}}