{"count":1,"gauges":{"Heliosv3Learning.CumulativeReward":{"count":17,"max":1.16578,"min":0.16089195,"value":1.13286436,"weightedAverage":1.11514318}},"self":35.1270816,"total":40.861294699999995,"children":{"AgentSendState":{"count":2020,"self":0.1301352,"total":0.2017101,"children":{"CollectObservations":{"count":18180,"self":0.0715749,"total":0.0715749,"children":null}}},"DecideAction":{"count":2020,"self":4.3898768,"total":5.4241519,"children":{"RayPerceptionSensor.Perceive":{"count":36360,"self":1.0342753,"total":1.0342753,"children":null}}},"AgentAct":{"count":2020,"self":0.10635639999999999,"total":0.10635639999999999,"children":null}}}