{"count":1,"gauges":{"PhaorisLearning_PPO.CumulativeReward":{"count":847,"max":6.43401146,"min":-20.7057,"value":3.31500363,"weightedAverage":0.109428272}},"self":1446.8099072,"total":4914.3165156,"children":{"AgentSendState":{"count":248126,"self":141.1786752,"total":974.0560985,"children":{"CollectObservations":{"count":3970016,"self":57.9629504,"total":57.962952099999995,"children":null},"AgentInfo.ToProto":{"count":3970016,"self":89.8494656,"total":774.91447529999994,"children":{"GenerateSensorData":{"count":3970016,"self":324.81735679999997,"total":685.0650112,"children":{"RayPerceptionSensor.Perceive":{"count":15880064,"self":360.2476544,"total":360.2476663,"children":null}}}}}}},"DecideAction":{"count":248126,"self":2472.4103167999997,"total":2472.4103621,"children":null},"AgentAct":{"count":248126,"self":20.7052496,"total":21.007175999999998,"children":{"AgentInfo.ToProto":{"count":693,"self":0.16308129999999998,"total":0.30192579999999997,"children":{"GenerateSensorData":{"count":693,"self":0.057084699999999995,"total":0.13884449999999998,"children":{"RayPerceptionSensor.Perceive":{"count":2772,"self":0.0817598,"total":0.0817598,"children":null}}}}}}},"AgentInfo.ToProto":{"count":154,"self":0.0029923,"total":0.0319426,"children":{"GenerateSensorData":{"count":154,"self":0.013982999999999999,"total":0.028950299999999998,"children":{"RayPerceptionSensor.Perceive":{"count":616,"self":0.0149673,"total":0.0149673,"children":null}}}}}}}