{"count":1,"gauges":{},"self":17.673102399999998,"total":23.2303565,"children":{"AgentSendState":{"count":1141,"self":0.1213441,"total":0.13705219999999999,"children":{"CollectObservations":{"count":1141,"self":0.0157081,"total":0.0157081,"children":null}}},"DecideAction":{"count":1141,"self":5.1752224,"total":5.3231408999999994,"children":{"RayPerceptionSensor.Perceive":{"count":1141,"self":0.1479187,"total":0.1479187,"children":null}}},"AgentAct":{"count":1141,"self":0.0940686,"total":0.0940686,"children":null}}}