{"count":1,"gauges":{"MulakLearning.CumulativeReward":{"count":1,"max":-2.18611813,"min":-2.18611813,"value":-2.18611813,"weightedAverage":-2.18611813}},"self":23.430896,"total":32.165537199999996,"children":{"AgentSendState":{"count":1578,"self":0.061286799999999995,"total":0.09412609999999999,"children":{"CollectObservations":{"count":12457,"self":0.0328393,"total":0.0328393,"children":null}}},"DecideAction":{"count":1578,"self":7.4618112,"total":8.5452754,"children":{"RayPerceptionSensor.Perceive":{"count":24914,"self":1.0834641,"total":1.0834641,"children":null}}},"AgentAct":{"count":1578,"self":0.092248299999999991,"total":0.092248299999999991,"children":null}}}