{"count":1,"gauges":{"Heliosv3Learning.CumulativeReward":{"count":1441,"max":-INF,"min":-INF,"value":-INF,"weightedAverage":-INF},"MulakDashingLearning.CumulativeReward":{"count":990,"max":3.66260552,"min":-13.4335947,"value":-0.298563868,"weightedAverage":-0.5608974}},"self":4060.0522751999997,"total":19019.8721485,"children":{"AgentSendState":{"count":500092,"self":266.2662912,"total":2892.1451528,"children":{"CollectObservations":{"count":10001840,"self":128.4761088,"total":128.4761092,"children":null},"AgentInfo.ToProto":{"count":5000920,"self":384.294656,"total":2497.4027471,"children":{"GenerateSensorData":{"count":5000920,"self":1528.3286016,"total":2113.1080887,"children":{"RayPerceptionSensor.Perceive":{"count":10001840,"self":584.7794688,"total":584.7794709,"children":null}}}}}}},"DecideAction":{"count":500092,"self":11346.8473344,"total":12030.280261099999,"children":{"RayPerceptionSensor.Perceive":{"count":10001840,"self":683.433216,"total":683.43323079999993,"children":null}}},"AgentAct":{"count":500092,"self":36.6643776,"total":37.392519799999995,"children":{"AgentInfo.ToProto":{"count":990,"self":0.606435,"total":0.72814079999999992,"children":{"GenerateSensorData":{"count":990,"self":0.045890099999999996,"total":0.12170579999999999,"children":{"RayPerceptionSensor.Perceive":{"count":1980,"self":0.0758157,"total":0.0758157,"children":null}}}}}}}}}