{"count":1,"gauges":{},"self":42.0447808,"total":53.8043689,"children":{"AgentSendState":{"count":2609,"self":0.2409574,"total":0.34001149999999997,"children":{"CollectObservations":{"count":5218,"self":0.099054099999999992,"total":0.099054099999999992,"children":null}}},"DecideAction":{"count":2609,"self":10.653325599999999,"total":11.3198127,"children":{"RayPerceptionSensor.Perceive":{"count":10436,"self":0.66648699999999994,"total":0.66648699999999994,"children":null}}},"AgentAct":{"count":2609,"self":0.0987673,"total":0.0987673,"children":null}}}