{"count":1,"gauges":{"Heliosv3Learning.CumulativeReward":{"count":2,"max":1.18865418,"min":1.16181231,"value":1.16181231,"weightedAverage":1.18194366}},"self":15.499823999999998,"total":18.8650599,"children":{"AgentSendState":{"count":927,"self":0.0757921,"total":0.090724699999999991,"children":{"CollectObservations":{"count":927,"self":0.014932599999999999,"total":0.014932599999999999,"children":null}}},"DecideAction":{"count":927,"self":3.0497096,"total":3.2299832,"children":{"RayPerceptionSensor.Perceive":{"count":1854,"self":0.18027369999999998,"total":0.18027369999999998,"children":null}}},"AgentAct":{"count":927,"self":0.0425358,"total":0.0425358,"children":null}}}