{"count":1,"gauges":{},"self":5.9035208,"total":5.9619541,"children":{"AgentSendState":{"count":279,"self":0.028116799999999997,"total":0.0333108,"children":{"CollectObservations":{"count":279,"self":0.005194,"total":0.005194,"children":null}}},"DecideAction":{"count":279,"self":0.0025282,"total":0.0025282,"children":null},"AgentAct":{"count":279,"self":0.0196027,"total":0.0196027,"children":null}}}