{"count":1,"gauges":{"PhaorisLearning_PPO.CumulativeReward":{"count":600,"max":34.4216843,"min":-9.4829855,"value":8.546943,"weightedAverage":14.2935781}},"self":1579.4110464,"total":5220.6941029,"children":{"AgentSendState":{"count":250051,"self":100.8469504,"total":668.3107673,"children":{"CollectObservations":{"count":3000612,"self":41.453065599999995,"total":41.453064399999995,"children":null},"AgentInfo.ToProto":{"count":3000612,"self":60.383039999999994,"total":526.01075059999994,"children":{"GenerateSensorData":{"count":3000612,"self":212.0264704,"total":465.6277125,"children":{"RayPerceptionSensor.Perceive":{"count":12002448,"self":253.6012288,"total":253.6012366,"children":null}}}}}}},"DecideAction":{"count":250051,"self":2956.3131903999997,"total":2956.3132023,"children":null},"AgentAct":{"count":250051,"self":16.541086399999998,"total":16.657081599999998,"children":{"AgentInfo.ToProto":{"count":600,"self":0.014017,"total":0.1159958,"children":{"GenerateSensorData":{"count":600,"self":0.0459226,"total":0.1019788,"children":{"RayPerceptionSensor.Perceive":{"count":2400,"self":0.0560562,"total":0.0560562,"children":null}}}}}}}}}