{"count":1,"gauges":{"PhaorisLearning.CumulativeReward":{"count":1,"max":1.16319275,"min":1.16319275,"value":1.16319275,"weightedAverage":1.16319275}},"self":205.61944319999998,"total":208.5354974,"children":{"AgentSendState":{"count":2172,"self":0.0208121,"total":0.030714599999999998,"children":{"CollectObservations":{"count":2172,"self":0.0099025,"total":0.0099025,"children":null}}},"DecideAction":{"count":2172,"self":2.8026215999999997,"total":2.853253,"children":{"RayPerceptionSensor.Perceive":{"count":8688,"self":0.0506313,"total":0.0506313,"children":null}}},"AgentAct":{"count":2172,"self":0.0300944,"total":0.0300944,"children":null}}}